movieId,count,mean_rating
1,215,3.9209302325581397
2,110,3.4318181818181817
3,52,3.2596153846153846
4,7,2.357142857142857
5,49,3.0714285714285716
6,102,3.946078431372549
7,54,3.185185185185185
8,8,2.875
9,16,3.125
10,132,3.496212121212121
11,70,3.6714285714285713
12,19,2.4210526315789473
13,8,3.125
14,18,3.8333333333333335
15,13,3.0
16,82,3.926829268292683
17,67,3.7761194029850746
18,20,3.7
19,88,2.727272727272727
20,15,2.5
21,89,3.49438202247191
22,36,3.2222222222222223
23,16,3.125
24,28,3.125
25,76,3.625
26,13,3.5
27,9,3.3333333333333335
28,11,4.2272727272727275
29,38,4.0131578947368425
31,38,3.1842105263157894
32,177,3.983050847457627
34,128,3.65234375
36,67,3.8358208955223883
39,104,3.293269230769231
41,15,3.7
42,7,3.0
43,8,3.1875
44,46,2.5434782608695654
45,32,3.3125
46,15,3.066666666666667
47,203,3.9753694581280787
48,68,3.1470588235294117
50,204,4.237745098039215
52,28,3.4642857142857144
57,8,3.0625
58,37,4.027027027027027
60,34,3.235294117647059
61,6,3.75
62,80,3.70625
63,7,2.7142857142857144
64,5,2.2
65,31,2.532258064516129
66,9,2.5
68,5,3.4
69,20,3.775
70,55,3.5090909090909093
71,5,1.7
72,7,3.2142857142857144
73,13,3.4615384615384617
74,8,4.0
75,5,2.2
76,15,3.4
79,17,2.764705882352941
81,14,3.107142857142857
82,8,3.875
85,7,3.857142857142857
86,15,3.966666666666667
87,7,2.5
88,16,3.15625
89,10,3.25
92,8,2.625
93,9,2.8333333333333335
94,10,3.95
95,84,3.0238095238095237
97,10,3.9
100,14,2.7857142857142856
101,23,3.782608695652174
102,5,2.4
104,99,3.4393939393939394
105,23,3.282608695652174
107,26,3.326923076923077
110,237,4.031645569620253
111,104,4.105769230769231
112,46,3.5434782608695654
116,5,3.9
122,16,2.65625
125,12,3.5833333333333335
126,7,2.0
132,6,2.8333333333333335
135,31,2.9516129032258065
140,16,3.5
141,86,3.494186046511628
144,12,3.3333333333333335
145,51,3.2450980392156863
147,15,3.466666666666667
150,201,3.845771144278607
151,44,3.5454545454545454
153,137,2.9160583941605838
154,12,3.875
155,6,2.4166666666666665
157,11,2.8636363636363638
158,62,2.806451612903226
159,14,2.892857142857143
160,57,2.8771929824561404
161,103,3.6359223300970873
162,17,4.205882352941177
163,66,3.5606060606060606
164,14,3.3214285714285716
165,144,3.5555555555555554
168,54,3.0833333333333335
169,10,2.4
170,35,3.2285714285714286
171,6,3.8333333333333335
172,53,2.6792452830188678
173,62,2.6693548387096775
174,10,2.7
175,20,3.975
176,13,4.3076923076923075
177,8,2.75
180,36,3.4027777777777777
181,17,2.264705882352941
185,112,3.0401785714285716
186,48,2.8229166666666665
188,12,3.4583333333333335
190,5,2.8
191,6,2.4166666666666665
193,35,2.4714285714285715
194,18,3.6666666666666665
195,10,3.1
196,45,2.6666666666666665
198,28,3.25
203,22,3.4318181818181817
204,30,2.716666666666667
205,9,3.1666666666666665
207,21,3.4285714285714284
208,115,2.9130434782608696
213,6,3.8333333333333335
215,24,4.041666666666667
216,49,3.326530612244898
217,6,2.3333333333333335
218,14,3.4285714285714284
222,16,3.75
223,104,3.855769230769231
224,40,3.6125
225,52,3.5384615384615383
227,22,2.8636363636363638
229,7,3.4285714285714284
230,24,3.3958333333333335
231,133,3.0601503759398496
232,14,3.892857142857143
233,12,3.5
234,17,2.588235294117647
235,70,3.6785714285714284
236,45,3.477777777777778
237,22,3.340909090909091
239,17,3.0
242,5,3.6
246,29,4.293103448275862
247,21,3.9285714285714284
248,17,3.176470588235294
249,18,3.7222222222222223
250,6,2.5
252,43,3.453488372093023
253,109,3.458715596330275
255,7,2.0714285714285716
256,35,2.8285714285714287
257,14,3.5
258,10,2.6
259,5,3.2
260,251,4.231075697211155
261,42,3.880952380952381
262,21,3.9047619047619047
265,33,3.9393939393939394
266,68,3.3970588235294117
267,17,2.9411764705882355
270,5,3.4
272,31,3.7580645161290325
273,28,2.9464285714285716
274,7,2.9285714285714284
275,6,2.0
276,22,3.25
277,38,3.223684210526316
280,13,4.076923076923077
281,14,3.7857142857142856
282,40,3.3375
288,92,3.233695652173913
289,8,3.5625
290,14,4.035714285714286
292,101,3.4257425742574257
293,133,4.018796992481203
296,307,4.197068403908795
300,81,3.5185185185185186
302,5,3.2
303,32,2.953125
305,9,2.8333333333333335
306,16,4.21875
307,24,3.8958333333333335
308,20,4.025
312,9,1.4444444444444444
314,16,3.75
315,38,3.0789473684210527
316,140,3.375
317,81,3.2037037037037037
318,317,4.429022082018927
319,20,3.6
322,10,3.55
325,7,2.5
327,34,2.823529411764706
328,10,3.15
329,108,3.3935185185185186
330,6,3.0
332,12,2.8333333333333335
333,50,3.78
334,5,4.2
337,77,3.7662337662337664
338,19,2.8421052631578947
339,98,3.4693877551020407
340,5,3.4
342,33,3.272727272727273
343,5,2.9
344,161,3.040372670807453
345,36,3.5972222222222223
346,6,3.5
347,6,3.5
348,30,3.5833333333333335
349,110,3.6045454545454545
350,57,3.3859649122807016
351,17,3.176470588235294
353,64,3.609375
354,6,3.3333333333333335
355,42,2.357142857142857
356,329,4.164133738601824
357,103,3.5194174757281553
358,9,2.6666666666666665
360,8,2.6875
361,17,3.0588235294117645
362,34,3.5294117647058822
364,172,3.941860465116279
366,12,2.9166666666666665
367,157,3.1847133757961785
368,74,3.5
370,58,3.060344827586207
371,21,3.3095238095238093
372,21,2.761904761904762
373,11,3.6363636363636362
374,25,2.2
376,40,3.25
377,171,3.5292397660818713
378,7,2.7857142857142856
379,21,2.5
380,178,3.497191011235955
381,11,3.8181818181818183
382,16,3.15625
383,21,3.0952380952380953
390,5,3.7
393,10,2.5
405,12,2.4166666666666665
407,8,3.4375
410,84,3.1011904761904763
412,15,3.5
413,26,2.7884615384615383
414,6,2.3333333333333335
415,16,2.53125
416,8,2.5
417,13,3.6923076923076925
419,20,2.675
420,59,2.7203389830508473
421,12,3.2083333333333335
422,5,3.2
423,10,2.85
426,7,3.142857142857143
427,12,2.5416666666666665
428,18,3.7222222222222223
429,6,2.0
431,42,3.738095238095238
432,55,2.6454545454545455
433,8,2.75
434,101,3.0346534653465347
435,63,2.4206349206349205
436,7,2.5714285714285716
437,9,2.1666666666666665
438,7,2.7142857142857144
440,76,3.5460526315789473
441,42,3.9285714285714284
442,81,3.0925925925925926
444,6,2.3333333333333335
445,12,3.0
446,9,3.8333333333333335
448,8,3.625
450,7,3.0
453,5,2.8
454,101,3.5346534653465347
455,37,2.391891891891892
457,190,3.9921052631578946
458,5,2.8
459,6,2.25
464,10,2.9
466,60,2.8666666666666667
468,22,3.2045454545454546
469,5,3.4
471,40,3.55
472,6,2.5833333333333335
473,7,1.8571428571428572
474,70,3.692857142857143
475,25,4.3
477,17,3.3823529411764706
480,238,3.75
481,19,3.1578947368421053
482,8,3.625
485,53,2.9339622641509435
489,11,2.8636363636363638
490,12,3.0
491,17,3.2941176470588234
492,14,3.75
493,12,3.6666666666666665
494,41,3.3780487804878048
497,43,3.813953488372093
500,144,3.388888888888889
501,6,3.6666666666666665
502,15,2.3666666666666667
505,7,2.2142857142857144
507,13,3.3846153846153846
508,66,3.6136363636363638
509,61,3.540983606557377
514,18,3.4166666666666665
515,24,3.6041666666666665
516,18,3.0555555555555554
517,9,3.2777777777777777
519,21,2.4047619047619047
520,69,3.130434782608696
522,7,3.2857142857142856
524,34,3.485294117647059
527,220,4.225
529,40,3.875
531,24,3.25
532,16,3.0
533,18,2.888888888888889
534,14,3.607142857142857
535,15,3.2666666666666666
537,12,3.1666666666666665
538,12,3.5833333333333335
539,106,3.4716981132075473
540,18,2.6666666666666665
541,124,4.100806451612903
542,14,2.7857142857142856
543,41,3.317073170731707
544,8,2.4375
546,21,2.0
548,6,2.75
550,5,3.4
551,93,3.553763440860215
552,61,3.262295081967213
553,65,3.8153846153846156
555,65,3.8
556,6,3.3333333333333335
558,8,2.9375
562,23,3.5434782608695654
569,6,2.6666666666666665
575,16,2.65625
580,5,2.8
585,36,2.736111111111111
586,116,2.9956896551724137
587,115,3.4347826086956523
588,183,3.7923497267759565
589,224,3.970982142857143
590,164,3.8353658536585367
592,189,3.4285714285714284
593,279,4.161290322580645
594,77,3.616883116883117
595,146,3.7705479452054793
596,60,3.45
597,135,3.4851851851851854
599,11,3.8181818181818183
605,10,3.0
608,181,4.116022099447513
609,14,3.5714285714285716
610,33,3.5454545454545454
611,6,2.4166666666666665
612,6,2.5
613,8,3.1875
616,45,3.411111111111111
619,5,2.6
627,6,3.3333333333333335
628,35,3.642857142857143
631,11,3.1818181818181817
637,33,3.0454545454545454
640,11,2.6818181818181817
647,29,3.3275862068965516
648,162,3.537037037037037
653,65,3.0923076923076924
656,5,3.0
661,49,3.4489795918367347
662,7,3.2857142857142856
663,12,3.2916666666666665
667,8,2.8125
671,36,3.486111111111111
673,53,2.707547169811321
674,9,3.1666666666666665
678,9,3.8333333333333335
688,9,2.3333333333333335
694,11,2.9545454545454546
697,5,2.7
700,7,3.2142857142857144
704,7,2.5714285714285716
707,21,2.880952380952381
708,58,3.3879310344827585
709,11,3.090909090909091
710,8,2.5625
711,10,3.05
714,15,3.966666666666667
719,35,2.842857142857143
720,27,4.092592592592593
724,31,3.032258064516129
725,5,2.5
728,10,3.5
733,121,3.6404958677685952
735,7,3.9285714285714284
736,123,3.321138211382114
737,20,2.65
741,27,4.148148148148148
742,11,2.8181818181818183
743,29,2.5172413793103448
745,48,3.8958333333333335
748,22,3.1136363636363638
750,97,4.268041237113402
761,19,2.789473684210526
762,41,2.4146341463414633
765,19,3.1578947368421053
778,102,4.03921568627451
780,202,3.4455445544554455
781,7,3.5
782,8,3.0
783,47,3.3297872340425534
784,54,2.8055555555555554
785,42,3.369047619047619
786,64,3.109375
788,82,2.731707317073171
798,12,2.7083333333333335
799,23,3.4565217391304346
800,19,4.157894736842105
801,11,3.1363636363636362
802,46,3.3369565217391304
804,8,3.25
805,35,3.657142857142857
809,9,2.3333333333333335
810,12,2.25
813,5,2.8
818,10,3.25
828,6,3.3333333333333335
829,9,2.6666666666666665
830,21,3.0714285714285716
832,37,3.3378378378378377
833,6,2.0
836,17,2.8823529411764706
837,33,3.272727272727273
838,30,3.9166666666666665
839,15,2.8333333333333335
842,12,2.5416666666666665
848,7,3.2857142857142856
849,44,2.9204545454545454
851,6,2.8333333333333335
852,43,3.1744186046511627
858,192,4.2890625
861,9,3.8333333333333335
866,23,4.0
880,27,2.740740740740741
881,5,2.1
886,6,2.6666666666666665
891,5,3.8
892,13,3.5384615384615383
898,29,4.310344827586207
899,47,4.074468085106383
900,12,3.7083333333333335
901,7,3.0
902,36,3.8472222222222223
903,60,4.025
904,84,4.261904761904762
905,14,4.321428571428571
906,7,4.142857142857143
908,57,4.184210526315789
909,27,3.962962962962963
910,50,4.01
911,13,3.8076923076923075
912,100,4.24
913,44,4.170454545454546
914,35,4.042857142857143
915,30,3.7666666666666666
916,26,4.0576923076923075
918,10,4.1
919,92,3.880434782608696
920,45,3.6444444444444444
921,9,3.388888888888889
922,27,4.333333333333333
923,69,4.043478260869565
924,109,3.8944954128440368
926,24,4.229166666666667
928,18,4.166666666666667
930,20,4.25
931,9,3.8333333333333335
932,8,3.9375
933,23,4.217391304347826
934,12,3.25
936,6,4.0
938,6,3.25
940,8,4.0
942,6,4.333333333333333
943,7,3.9285714285714284
945,7,4.071428571428571
948,6,3.9166666666666665
949,6,3.9166666666666665
950,7,3.857142857142857
951,14,4.392857142857143
952,12,3.625
953,58,4.0344827586206895
954,18,4.083333333333333
955,18,3.861111111111111
965,11,4.045454545454546
968,28,3.75
969,34,3.9705882352941178
971,10,4.1
973,5,3.9
986,13,3.5384615384615383
990,5,2.9
991,11,3.3181818181818183
994,11,4.181818181818182
996,13,2.5
999,12,3.0416666666666665
1004,6,3.0
1005,8,2.1875
1006,5,3.5
1007,10,2.6
1009,9,3.0555555555555554
1010,9,3.0555555555555554
1011,8,2.9375
1012,9,3.4444444444444446
1013,12,3.2083333333333335
1014,5,2.9
1015,20,2.95
1016,5,2.9
1017,10,3.5
1018,6,2.4166666666666665
1019,17,3.4705882352941178
1020,37,3.081081081081081
1021,27,2.3333333333333335
1022,42,3.488095238095238
1023,13,3.6153846153846154
1024,6,3.6666666666666665
1025,25,3.58
1027,28,3.017857142857143
1028,71,3.887323943661972
1029,35,3.3857142857142857
1030,15,2.7666666666666666
1031,24,3.4791666666666665
1032,40,3.375
1033,20,3.575
1034,5,3.1
1035,64,3.9375
1036,145,3.8620689655172415
1037,24,2.7708333333333335
1041,11,4.590909090909091
1042,42,3.2738095238095237
1043,5,2.4
1047,33,3.3181818181818183
1049,21,3.4761904761904763
1050,5,3.9
1056,7,3.0714285714285716
1057,15,3.466666666666667
1059,36,3.7222222222222223
1060,36,3.6944444444444446
1061,29,3.6724137931034484
1064,13,3.1538461538461537
1073,119,3.8739495798319328
1077,28,3.75
1078,11,3.409090909090909
1079,71,3.9225352112676055
1080,89,3.9269662921348316
1081,12,3.5416666666666665
1082,6,3.5833333333333335
1083,6,3.3333333333333335
1084,35,4.071428571428571
1086,25,4.1
1088,42,3.369047619047619
1089,131,4.202290076335878
1090,63,3.984126984126984
1091,21,2.5476190476190474
1092,47,3.1914893617021276
1093,37,3.4054054054054053
1094,42,3.4404761904761907
1095,15,3.6666666666666665
1096,10,4.05
1097,122,3.7663934426229506
1100,19,2.710526315789474
1101,83,3.3012048192771086
1103,15,4.1
1104,20,4.475
1120,27,3.537037037037037
1124,13,3.6538461538461537
1125,24,3.6875
1126,6,2.8333333333333335
1127,62,3.475806451612903
1128,5,2.5
1129,39,3.448717948717949
1130,5,2.9
1131,11,4.090909090909091
1132,8,4.0625
1135,13,3.1153846153846154
1136,136,4.161764705882353
1147,10,3.9
1148,56,4.035714285714286
1171,17,3.3529411764705883
1172,34,4.161764705882353
1173,11,3.1363636363636362
1175,21,3.8333333333333335
1177,6,4.0
1178,12,4.541666666666667
1179,27,3.6296296296296298
1183,45,3.7111111111111112
1184,7,3.9285714285714284
1185,10,3.95
1186,23,3.5869565217391304
1187,5,3.6
1188,22,3.659090909090909
1189,11,4.0
1190,6,3.1666666666666665
1191,6,3.5
1192,5,4.5
1193,133,4.203007518796992
1194,11,3.590909090909091
1196,211,4.2156398104265405
1197,142,4.232394366197183
1198,200,4.2075
1199,59,4.177966101694915
1200,126,3.9642857142857144
1201,72,4.145833333333333
1202,7,3.857142857142857
1203,57,4.149122807017544
1204,45,4.3
1206,120,3.995833333333333
1207,58,4.120689655172414
1208,107,4.219626168224299
1209,18,4.305555555555555
1210,196,4.137755102040816
1211,13,3.8846153846153846
1212,24,4.229166666666667
1213,126,4.25
1214,146,3.969178082191781
1215,51,4.03921568627451
1216,11,3.4545454545454546
1217,15,4.433333333333334
1218,11,4.0
1219,83,4.036144578313253
1220,84,3.8095238095238093
1221,129,4.25968992248062
1222,102,4.098039215686274
1223,28,4.089285714285714
1224,19,4.0
1225,76,4.184210526315789
1226,6,3.5
1227,16,4.0625
1228,40,4.1875
1230,58,3.8706896551724137
1231,22,3.8636363636363638
1232,8,3.625
1233,40,4.2125
1234,64,3.9765625
1235,26,4.288461538461538
1237,18,4.222222222222222
1238,9,4.055555555555555
1240,131,3.8969465648854964
1241,10,4.05
1242,41,4.170731707317073
1243,16,3.96875
1244,33,4.106060606060606
1245,20,4.225
1246,86,3.9593023255813953
1247,79,4.063291139240507
1248,17,4.264705882352941
1249,35,4.071428571428571
1250,45,4.122222222222222
1251,14,4.071428571428571
1252,59,4.211864406779661
1253,25,3.82
1254,16,3.65625
1255,6,3.0
1256,23,3.8043478260869565
1257,27,3.685185185185185
1258,109,4.08256880733945
1259,91,4.0054945054945055
1260,15,3.7333333333333334
1261,34,4.044117647058823
1262,43,4.127906976744186
1263,43,3.8255813953488373
1264,5,3.8
1265,143,3.944055944055944
1266,45,4.111111111111111
1267,30,4.25
1268,9,3.611111111111111
1269,29,3.8793103448275863
1270,171,4.038011695906433
1271,30,3.5
1272,33,4.121212121212121
1273,11,4.045454545454546
1274,39,3.7435897435897436
1275,48,3.7291666666666665
1276,57,4.271929824561403
1277,12,4.125
1278,69,3.9927536231884058
1279,8,4.125
1280,9,4.333333333333333
1281,15,4.133333333333334
1282,53,3.7830188679245285
1283,19,4.2105263157894735
1284,14,4.142857142857143
1285,41,3.731707317073171
1286,7,3.0714285714285716
1287,34,3.9411764705882355
1288,66,4.015151515151516
1289,11,3.8636363636363638
1290,10,3.35
1291,140,4.046428571428572
1292,20,3.95
1293,27,3.8333333333333335
1295,11,3.227272727272727
1296,17,3.7058823529411766
1297,20,3.675
1298,23,3.760869565217391
1299,28,4.017857142857143
1300,9,4.166666666666667
1301,13,3.8076923076923075
1302,56,3.517857142857143
1303,17,4.029411764705882
1304,62,3.943548387096774
1306,5,2.7
1307,85,3.8588235294117648
1320,47,3.148936170212766
1321,23,3.4130434782608696
1327,15,2.6333333333333333
1333,44,3.602272727272727
1334,6,3.0
1339,29,3.4655172413793105
1342,11,2.5
1343,25,3.78
1344,14,3.9642857142857144
1345,36,3.3472222222222223
1346,8,2.8125
1347,27,3.0
1348,16,3.53125
1350,22,3.8181818181818183
1354,7,4.071428571428571
1356,91,3.879120879120879
1357,24,4.0
1358,47,3.8404255319148937
1359,18,2.861111111111111
1361,6,4.083333333333333
1363,5,3.5
1365,6,3.5833333333333335
1366,5,3.9
1367,47,3.074468085106383
1370,68,3.4044117647058822
1371,45,3.0444444444444443
1372,42,3.3452380952380953
1373,30,2.6666666666666665
1374,62,3.7661290322580645
1375,42,3.261904761904762
1376,43,3.4767441860465116
1377,60,3.025
1378,25,3.1
1379,11,3.0
1380,68,3.139705882352941
1381,19,2.0789473684210527
1385,24,2.8541666666666665
1387,91,4.0054945054945055
1388,17,2.6176470588235294
1389,6,1.4166666666666667
1390,9,2.6666666666666665
1391,86,3.0930232558139537
1393,85,3.5941176470588236
1394,58,3.9913793103448274
1395,5,3.0
1396,46,3.4782608695652173
1399,5,3.1
1405,31,2.935483870967742
1407,70,3.2
1408,39,3.8333333333333335
1409,23,2.5
1411,16,4.0
1414,8,3.0
1416,12,3.4166666666666665
1425,8,3.0
1429,20,3.575
1431,16,2.46875
1432,7,2.7142857142857144
1438,24,2.625
1441,19,3.473684210526316
1442,5,3.5
1445,7,2.142857142857143
1446,7,4.428571428571429
1449,24,3.875
1454,6,3.75
1457,12,3.0833333333333335
1459,12,2.6666666666666665
1461,8,2.3125
1464,17,3.264705882352941
1466,52,3.7403846153846154
1468,5,2.6
1474,11,2.1363636363636362
1476,26,3.5384615384615383
1479,30,3.216666666666667
1480,11,3.3636363636363638
1483,11,3.090909090909091
1485,74,3.0337837837837838
1487,5,3.0
1488,15,2.8333333333333335
1498,5,3.0
1499,27,1.9259259259259258
1500,59,3.610169491525424
1513,29,2.9655172413793105
1515,15,2.1
1517,100,3.535
1518,13,3.3461538461538463
1527,116,3.7456896551724137
1537,13,3.8076923076923075
1541,10,2.7
1542,7,3.7142857142857144
1544,67,2.753731343283582
1552,59,3.0338983050847457
1554,5,2.4
1556,19,1.605263157894737
1562,42,2.2142857142857144
1566,31,3.4516129032258065
1569,40,3.5
1573,77,3.3701298701298703
1580,165,3.487878787878788
1582,5,2.6
1584,82,3.652439024390244
1586,22,2.7954545454545454
1587,31,3.2580645161290325
1588,20,3.075
1589,16,3.28125
1590,25,2.94
1591,26,2.6346153846153846
1593,6,2.8333333333333335
1594,6,4.083333333333333
1597,43,2.941860465116279
1603,13,2.4615384615384617
1608,58,3.3448275862068964
1610,90,3.8722222222222222
1611,5,4.1
1614,26,2.7884615384615383
1615,11,3.0
1616,20,3.025
1617,97,4.061855670103093
1619,14,3.4285714285714284
1620,13,3.1153846153846154
1625,77,3.7012987012987013
1627,7,3.357142857142857
1633,5,4.0
1635,17,3.8823529411764706
1639,52,3.576923076923077
1641,56,3.7589285714285716
1643,5,3.8
1644,32,2.109375
1645,51,3.411764705882353
1646,7,2.142857142857143
1653,86,3.953488372093023
1658,8,3.0625
1663,34,3.7941176470588234
1665,16,2.96875
1667,5,2.1
1672,12,3.375
1673,39,4.076923076923077
1674,40,3.65
1676,80,3.33125
1678,10,3.5
1680,25,3.6
1681,7,1.9285714285714286
1682,125,3.812
1683,6,4.416666666666667
1687,18,3.2222222222222223
1688,20,3.35
1689,7,2.2142857142857144
1690,45,2.922222222222222
1693,19,3.5
1694,7,3.0
1701,8,3.875
1702,16,3.0
1703,5,2.9
1704,141,4.078014184397163
1707,8,1.875
1711,24,3.1041666666666665
1713,7,3.0714285714285716
1717,31,2.9193548387096775
1719,16,4.25
1721,140,3.414285714285714
1722,45,3.066666666666667
1726,13,2.6923076923076925
1729,48,3.6979166666666665
1732,106,3.9245283018867925
1734,9,4.055555555555555
1735,11,3.3181818181818183
1747,31,3.338709677419355
1748,48,3.8229166666666665
1753,16,3.59375
1754,15,3.5
1755,5,4.1
1760,10,1.35
1762,5,2.3
1769,14,2.9285714285714284
1772,12,2.7083333333333335
1777,56,3.419642857142857
1779,23,2.760869565217391
1783,5,2.8
1784,96,3.6979166666666665
1785,5,3.9
1792,23,3.0217391304347827
1797,6,4.25
1799,13,3.423076923076923
1801,25,3.5
1805,31,3.0161290322580645
1806,8,2.3125
1809,6,4.0
1810,11,3.5
1821,6,2.6666666666666665
1831,29,2.4482758620689653
1833,13,3.0
1834,11,4.0
1835,17,3.3823529411764706
1840,7,3.2142857142857144
1845,15,3.966666666666667
1848,12,3.0416666666666665
1855,7,2.5714285714285716
1858,8,2.5625
1862,9,1.9444444444444444
1863,7,2.4285714285714284
1866,7,2.9285714285714284
1873,10,3.75
1875,6,3.9166666666666665
1876,43,3.0697674418604652
1882,33,1.9545454545454546
1883,24,3.2708333333333335
1884,46,3.967391304347826
1885,12,3.125
1889,8,3.75
1892,16,3.28125
1894,16,2.84375
1895,15,3.3333333333333335
1907,45,3.566666666666667
1909,42,3.4404761904761907
1911,32,2.609375
1912,32,3.859375
1914,9,3.388888888888889
1916,12,3.4166666666666665
1917,92,3.0543478260869565
1918,33,2.8484848484848486
1919,5,2.5
1920,18,2.8333333333333335
1921,47,3.851063829787234
1923,105,3.676190476190476
1924,8,3.1875
1927,10,4.35
1931,6,4.166666666666667
1939,8,4.0625
1944,11,3.9545454545454546
1945,24,4.1875
1947,34,3.6029411764705883
1948,7,3.642857142857143
1949,6,4.333333333333333
1950,11,4.181818181818182
1951,7,3.5714285714285716
1952,22,3.9545454545454546
1953,39,3.871794871794872
1954,64,3.828125
1955,14,3.892857142857143
1956,12,4.0
1957,13,4.038461538461538
1958,22,3.7954545454545454
1959,15,3.6666666666666665
1960,26,3.6923076923076925
1961,96,3.8072916666666665
1962,23,3.739130434782609
1963,11,3.3636363636363638
1964,6,4.083333333333333
1965,21,3.380952380952381
1966,8,3.625
1967,42,3.8214285714285716
1968,113,3.7787610619469025
1969,10,2.35
1970,12,2.9166666666666665
1971,7,2.4285714285714284
1972,7,2.142857142857143
1973,5,2.2
1974,16,2.875
1975,7,2.5
1976,7,2.2142857142857144
1977,6,2.5833333333333335
1982,27,3.7222222222222223
1983,5,2.4
1991,12,2.7083333333333335
1993,5,1.8
1994,47,3.425531914893617
1995,6,1.6666666666666667
1997,53,3.80188679245283
2000,75,3.6733333333333333
2001,47,3.1808510638297873
2002,46,2.9347826086956523
2003,41,3.3780487804878048
2004,15,3.3333333333333335
2005,57,3.5701754385964914
2006,60,3.1
2009,19,3.473684210526316
2010,21,3.857142857142857
2011,87,3.5057471264367814
2012,88,3.3693181818181817
2013,21,3.0952380952380953
2014,8,2.625
2015,9,3.388888888888889
2017,5,3.1
2018,38,3.3684210526315788
2019,48,4.1875
2020,25,4.0
2021,37,3.4324324324324325
2022,8,3.6875
2023,45,3.3555555555555556
2025,7,3.9285714285714284
2027,9,1.8333333333333333
2028,188,4.1462765957446805
2033,8,3.75
2034,9,2.611111111111111
2036,6,2.25
2040,7,2.857142857142857
2042,6,2.5833333333333335
2046,24,3.2083333333333335
2048,8,3.5625
2052,23,2.760869565217391
2053,20,2.05
2054,68,2.7573529411764706
2058,30,3.35
2059,15,3.0
2060,14,3.0714285714285716
2064,31,3.838709677419355
2065,13,3.730769230769231
2067,21,4.142857142857143
2070,5,3.4
2072,17,3.176470588235294
2073,5,3.6
2076,46,3.9456521739130435
2077,5,3.4
2078,53,3.830188679245283
2080,55,3.4
2081,67,3.425373134328358
2082,26,2.6538461538461537
2083,19,3.736842105263158
2084,5,2.7
2085,44,3.4318181818181817
2087,41,3.573170731707317
2088,18,2.5
2089,10,3.5
2090,13,3.1923076923076925
2092,6,2.4166666666666665
2093,6,3.0
2094,39,3.2564102564102564
2096,22,3.409090909090909
2097,10,2.9
2099,6,3.4166666666666665
2100,51,3.1176470588235294
2105,50,3.34
2106,5,3.7
2108,24,3.4791666666666665
2109,27,3.3703703703703702
2110,18,3.3055555555555554
2111,10,3.25
2112,8,3.1875
2114,16,3.71875
2115,108,3.638888888888889
2116,15,3.1333333333333333
2117,14,3.7142857142857144
2118,15,3.7333333333333334
2121,7,2.2142857142857144
2122,11,2.4545454545454546
2123,15,2.7
2124,38,3.289473684210526
2125,21,3.619047619047619
2126,15,2.7666666666666666
2130,8,3.6875
2132,7,4.142857142857143
2133,20,3.325
2134,22,3.1136363636363638
2135,11,3.772727272727273
2136,14,2.4642857142857144
2137,21,3.5476190476190474
2138,10,4.05
2139,21,3.4761904761904763
2140,34,3.5441176470588234
2141,18,3.1666666666666665
2142,10,2.7
2143,13,3.076923076923077
2144,49,3.6020408163265305
2145,33,3.242424242424242
2146,16,3.21875
2148,9,3.0555555555555554
2150,28,3.892857142857143
2151,6,3.75
2153,11,2.3181818181818183
2155,8,3.625
2159,7,3.9285714285714284
2160,32,4.171875
2161,43,3.5813953488372094
2162,8,2.5
2163,5,2.2
2167,58,3.3620689655172415
2169,7,2.2857142857142856
2170,5,2.4
2171,8,3.3125
2174,91,3.4725274725274726
2176,10,3.9
2183,9,3.5555555555555554
2184,6,3.4166666666666665
2186,25,3.98
2188,5,2.0
2193,40,3.3375
2194,65,3.9384615384615387
2195,7,3.2142857142857144
2202,7,4.357142857142857
2203,7,4.142857142857143
2206,5,4.0
2208,6,3.9166666666666665
2231,36,3.861111111111111
2232,27,3.425925925925926
2236,9,3.0
2239,6,4.666666666666667
2240,7,3.857142857142857
2243,28,3.4285714285714284
2245,22,3.2045454545454546
2247,12,3.0
2248,39,3.923076923076923
2249,11,3.1818181818181817
2252,5,2.5
2253,20,2.375
2259,8,3.1875
2261,6,3.0
2262,9,3.0
2263,5,2.8
2266,5,3.1
2268,57,3.789473684210526
2269,8,3.0
2273,42,3.261904761904762
2275,5,3.6
2278,43,3.5232558139534884
2279,10,2.4
2282,6,3.4166666666666665
2287,5,3.8
2288,45,3.933333333333333
2289,38,3.9473684210526314
2290,5,3.6
2291,80,3.7
2294,45,3.2444444444444445
2296,10,2.1
2297,14,3.642857142857143
2300,33,3.9696969696969697
2301,16,3.625
2302,59,3.26271186440678
2303,5,3.6
2306,6,2.5833333333333335
2311,17,3.588235294117647
2312,12,3.8333333333333335
2313,17,4.029411764705882
2315,6,2.1666666666666665
2316,7,3.2142857142857144
2318,16,4.125
2320,9,3.0
2321,61,3.4836065573770494
2322,8,3.0625
2324,88,4.1477272727272725
2325,13,3.1153846153846154
2328,7,2.4285714285714284
2329,129,4.217054263565892
2334,13,2.8076923076923075
2335,28,3.1785714285714284
2336,23,3.6739130434782608
2338,18,2.0555555555555554
2340,20,3.05
2344,8,3.25
2346,11,3.1818181818181817
2348,8,3.4375
2349,7,3.5
2351,7,4.285714285714286
2352,25,3.84
2353,67,3.4925373134328357
2354,7,2.5
2355,92,3.516304347826087
2356,5,2.6
2357,6,4.416666666666667
2359,26,3.673076923076923
2360,12,4.458333333333333
2361,10,2.75
2366,25,3.64
2367,14,2.7142857142857144
2369,24,2.6666666666666665
2371,24,3.0833333333333335
2372,9,2.2222222222222223
2373,9,2.2777777777777777
2374,9,3.1666666666666665
2375,21,2.9285714285714284
2376,21,3.2142857142857144
2377,5,2.5
2378,22,3.022727272727273
2379,12,2.4583333333333335
2380,10,2.3
2381,7,2.142857142857143
2382,5,2.5
2384,29,2.7758620689655173
2387,16,3.4375
2389,9,1.8888888888888888
2390,7,3.9285714285714284
2391,22,3.7954545454545454
2392,8,1.9375
2393,33,3.1515151515151514
2394,25,3.5
2395,56,3.544642857142857
2396,92,3.777173913043478
2398,17,4.0588235294117645
2401,8,3.8125
2402,19,2.6578947368421053
2403,30,3.55
2404,12,1.9166666666666667
2405,21,2.8095238095238093
2406,54,3.4537037037037037
2407,43,3.2674418604651163
2408,9,2.3333333333333335
2409,26,3.1923076923076925
2410,24,2.7291666666666665
2411,29,2.706896551724138
2412,17,1.9411764705882353
2413,18,3.388888888888889
2414,11,3.3636363636363638
2416,16,2.90625
2418,6,2.75
2420,38,3.5657894736842106
2421,29,2.7758620689655173
2422,14,1.75
2423,30,3.566666666666667
2424,50,3.12
2427,35,3.3
2428,23,2.4782608695652173
2429,5,2.8
2430,6,2.8333333333333335
2431,27,3.3703703703703702
2432,6,3.0833333333333335
2433,11,3.0454545454545454
2436,6,4.25
2443,8,3.375
2445,8,2.6875
2447,15,3.2666666666666666
2450,16,2.15625
2454,13,3.3846153846153846
2455,43,3.383720930232558
2456,9,2.2777777777777777
2457,8,3.5625
2458,8,2.75
2459,13,3.269230769230769
2463,14,3.3214285714285716
2467,18,3.75
2468,15,2.5
2469,7,3.2142857142857144
2470,57,3.175438596491228
2471,24,2.4791666666666665
2473,8,2.5625
2474,13,3.5
2476,12,3.75
2478,26,3.1346153846153846
2485,29,2.8448275862068964
2490,45,3.422222222222222
2491,5,3.6
2492,7,3.0
2496,23,3.108695652173913
2497,6,2.9166666666666665
2498,5,2.1
2500,7,2.0
2501,30,3.75
2502,94,4.090425531914893
2504,6,3.1666666666666665
2505,18,2.9444444444444446
2506,6,3.3333333333333335
2513,10,2.85
2517,10,2.95
2518,10,3.05
2524,9,3.2222222222222223
2527,18,3.4166666666666665
2528,24,3.2291666666666665
2529,56,3.8035714285714284
2530,18,2.7777777777777777
2531,9,2.7777777777777777
2532,12,2.7916666666666665
2533,15,3.0
2539,47,3.095744680851064
2541,40,3.225
2542,67,4.052238805970149
2548,6,1.8333333333333333
2549,6,2.9166666666666665
2550,7,4.0
2551,8,3.6875
2553,6,3.0833333333333335
2558,9,2.3333333333333335
2560,8,3.0
2565,12,4.166666666666667
2567,19,2.973684210526316
2568,8,3.1875
2570,5,3.2
2571,278,4.192446043165468
2572,54,3.5277777777777777
2574,6,2.0
2579,6,3.8333333333333335
2580,39,3.9615384615384617
2581,36,2.9583333333333335
2583,12,3.875
2594,10,3.75
2596,12,3.7916666666666665
2598,25,2.84
2599,56,3.6607142857142856
2600,22,3.8636363636363638
2605,43,2.988372093023256
2606,15,2.566666666666667
2613,8,2.875
2616,26,2.8846153846153846
2617,87,3.1206896551724137
2618,5,3.4
2622,11,3.1363636363636362
2628,140,3.107142857142857
2640,61,3.6065573770491803
2641,49,3.020408163265306
2642,22,2.25
2643,16,1.6875
2644,9,3.3333333333333335
2648,11,3.909090909090909
2654,5,3.6
2657,63,3.3412698412698414
2662,12,3.1666666666666665
2664,13,3.769230769230769
2668,8,2.9375
2670,5,3.6
2671,56,3.455357142857143
2672,12,2.9583333333333335
2676,6,3.1666666666666665
2683,121,3.1983471074380163
2686,19,4.026315789473684
2687,24,3.4583333333333335
2688,15,2.933333333333333
2690,10,3.7
2692,75,4.0
2694,48,3.1979166666666665
2699,53,2.811320754716981
2700,76,3.861842105263158
2701,53,2.207547169811321
2702,15,3.4
2706,103,3.378640776699029
2707,22,3.272727272727273
2709,9,3.1666666666666665
2710,64,2.796875
2712,53,3.4622641509433962
2713,12,2.6666666666666665
2716,120,3.775
2717,47,3.0
2718,10,3.2
2719,13,2.1153846153846154
2720,21,2.0952380952380953
2722,29,2.7758620689655173
2723,39,3.08974358974359
2724,42,2.8333333333333335
2726,9,4.055555555555555
2728,13,3.576923076923077
2729,7,3.5
2730,7,3.7142857142857144
2731,12,4.0
2732,5,4.5
2734,10,3.25
2735,16,2.71875
2736,5,3.6
2739,12,3.9166666666666665
2745,9,3.5
2746,39,3.3333333333333335
2747,9,3.0
2748,6,1.8333333333333333
2750,7,3.142857142857143
2752,8,2.8125
2759,8,3.5
2761,39,4.051282051282051
2762,179,3.893854748603352
2763,48,3.6458333333333335
2764,7,4.0
2769,5,3.4
2770,38,2.960526315789474
2772,10,2.85
2779,13,3.269230769230769
2787,6,2.4166666666666665
2788,28,4.053571428571429
2791,87,3.8563218390804597
2792,19,3.1842105263157894
2793,10,2.3
2794,15,2.6333333333333333
2795,26,3.6538461538461537
2796,11,2.590909090909091
2797,91,3.71978021978022
2798,12,1.5833333333333333
2799,8,1.3125
2802,13,3.0384615384615383
2803,13,2.923076923076923
2804,55,3.9727272727272727
2805,23,3.0
2806,9,2.3333333333333335
2808,17,2.2058823529411766
2810,5,4.2
2815,7,2.2857142857142856
2819,16,3.75
2822,11,3.1363636363636362
2826,26,2.9038461538461537
2827,11,2.272727272727273
2829,7,3.0714285714285716
2840,23,2.869565217391304
2841,18,3.5277777777777777
2843,9,3.9444444444444446
2846,7,3.857142857142857
2857,14,3.2857142857142856
2858,204,4.056372549019608
2859,7,3.857142857142857
2860,9,2.611111111111111
2861,8,3.375
2863,19,3.473684210526316
2866,5,3.6
2867,12,3.5833333333333335
2870,8,3.3125
2871,30,3.9
2872,25,3.64
2875,10,2.95
2877,7,3.0
2879,7,3.2142857142857144
2880,6,3.0833333333333335
2881,19,3.026315789473684
2883,5,3.2
2888,5,2.1
2889,8,3.75
2890,45,3.7111111111111112
2901,14,2.892857142857143
2906,7,2.5714285714285716
2907,7,3.5714285714285716
2908,39,3.551282051282051
2912,14,3.892857142857143
2915,42,3.4404761904761907
2916,88,3.653409090909091
2917,10,4.0
2918,109,3.8394495412844036
2919,8,3.8125
2921,11,4.181818181818182
2922,5,3.6
2924,10,4.05
2925,5,4.1
2926,11,3.3181818181818183
2935,8,4.0
2936,7,4.0
2937,5,4.1
2940,6,4.0
2941,9,3.7777777777777777
2942,16,2.875
2944,32,3.96875
2946,7,3.357142857142857
2947,53,3.839622641509434
2948,36,3.75
2949,33,3.712121212121212
2950,14,2.4642857142857144
2951,39,3.9358974358974357
2952,12,3.5416666666666665
2953,31,2.5161290322580645
2956,6,3.1666666666666665
2959,218,4.272935779816514
2961,5,2.4
2966,14,3.9285714285714284
2968,41,3.731707317073171
2971,6,4.083333333333333
2973,18,3.9166666666666665
2976,6,3.4166666666666665
2985,70,3.3714285714285714
2986,25,2.64
2987,97,3.5721649484536084
2989,21,3.5476190476190474
2990,20,3.325
2991,23,3.6956521739130435
2993,24,3.4791666666666665
2995,14,2.4285714285714284
2997,99,3.9545454545454546
3000,48,3.9583333333333335
3004,11,2.5454545454545454
3005,25,2.84
3006,31,3.7419354838709675
3007,6,3.75
3016,14,3.0714285714285716
3018,10,3.45
3019,10,4.15
3020,17,3.5294117647058822
3022,9,4.0
3024,7,2.642857142857143
3029,6,3.25
3030,13,4.230769230769231
3032,6,3.6666666666666665
3033,59,3.483050847457627
3034,36,3.513888888888889
3035,11,3.8181818181818183
3036,7,3.7857142857142856
3037,24,4.145833333333333
3038,5,4.2
3039,39,3.730769230769231
3040,9,3.2222222222222223
3041,6,2.0833333333333335
3044,13,3.769230769230769
3045,5,3.6
3052,79,3.6455696202531644
3053,11,3.909090909090909
3054,8,2.3125
3060,15,3.8666666666666667
3061,8,3.625
3062,11,4.0
3063,6,2.1666666666666665
3066,7,3.9285714285714284
3067,10,3.55
3068,7,4.357142857142857
3070,21,3.5476190476190474
3071,9,3.5
3072,27,3.5555555555555554
3079,6,3.0833333333333335
3081,62,3.475806451612903
3082,39,3.3333333333333335
3083,19,4.157894736842105
3087,24,3.1666666666666665
3088,12,3.8333333333333335
3089,16,4.125
3090,6,4.166666666666667
3095,9,4.111111111111111
3098,24,3.6458333333333335
3099,7,3.0714285714285716
3100,22,3.9318181818181817
3101,36,3.0972222222222223
3102,7,3.5714285714285716
3104,22,3.6363636363636362
3105,22,3.6818181818181817
3107,23,3.3043478260869565
3108,36,3.8055555555555554
3113,15,2.7
3114,97,3.8608247422680413
3115,5,4.0
3130,5,2.4
3134,7,3.7142857142857144
3146,17,2.323529411764706
3147,111,4.148648648648648
3148,26,3.75
3152,8,4.5
3153,5,4.4
3155,9,3.6666666666666665
3156,15,2.8
3157,19,2.8421052631578947
3159,15,3.8333333333333335
3160,52,3.7115384615384617
3168,29,3.603448275862069
3169,5,3.3
3173,18,3.0
3174,39,3.4871794871794872
3175,75,3.58
3176,49,3.336734693877551
3177,6,3.25
3178,16,3.53125
3181,6,3.9166666666666665
3182,5,4.0
3186,28,3.4642857142857144
3189,11,3.5454545454545454
3196,9,3.7222222222222223
3197,7,2.857142857142857
3198,14,3.9285714285714284
3200,8,4.25
3201,8,4.5
3203,12,3.1666666666666665
3204,8,3.6875
3208,8,2.1875
3210,42,3.4761904761904763
3213,13,4.115384615384615
3219,13,3.1923076923076925
3221,5,3.7
3238,6,1.5833333333333333
3243,15,2.4
3244,12,3.7083333333333335
3246,15,4.166666666666667
3247,36,3.0277777777777777
3248,14,1.8928571428571428
3249,9,3.111111111111111
3250,9,3.1666666666666665
3251,5,3.7
3252,27,3.5925925925925926
3253,61,3.4754098360655736
3254,27,3.2962962962962963
3255,45,3.466666666666667
3256,31,3.5161290322580645
3257,32,2.859375
3258,15,2.8666666666666667
3259,11,3.1363636363636362
3260,12,4.0
3261,11,3.1818181818181817
3262,11,3.409090909090909
3263,22,3.0454545454545454
3264,26,2.423076923076923
3265,9,4.0
3266,6,4.5
3267,18,3.5555555555555554
3268,11,1.7727272727272727
3269,27,2.8518518518518516
3270,12,2.7916666666666665
3271,17,3.676470588235294
3272,8,3.4375
3273,29,2.6724137931034484
3274,12,3.375
3275,43,4.22093023255814
3285,32,3.0625
3286,5,2.3
3296,7,4.071428571428571
3298,21,3.7142857142857144
3300,39,3.5641025641025643
3301,42,3.5238095238095237
3307,13,3.8461538461538463
3308,7,2.857142857142857
3310,5,4.1
3316,13,2.4615384615384617
3317,22,3.659090909090909
3327,5,3.7
3328,19,4.052631578947368
3334,10,4.2
3341,7,4.285714285714286
3342,5,3.5
3347,9,4.166666666666667
3354,21,2.6904761904761907
3355,15,3.2
3358,10,3.85
3359,11,4.090909090909091
3360,22,3.7045454545454546
3361,35,3.6714285714285713
3362,38,3.9342105263157894
3363,43,3.8488372093023258
3365,7,4.071428571428571
3385,8,2.8125
3386,31,3.5
3387,7,2.857142857142857
3388,11,2.5454545454545454
3392,6,2.3333333333333335
3394,7,2.357142857142857
3396,33,3.590909090909091
3397,11,3.4545454545454546
3398,15,3.3333333333333335
3401,5,2.2
3404,6,3.5833333333333335
3408,70,3.5285714285714285
3409,35,2.9285714285714284
3412,6,3.4166666666666665
3418,41,3.4634146341463414
3421,62,3.693548387096774
3422,6,3.3333333333333335
3424,27,4.037037037037037
3425,5,3.4
3426,7,3.0714285714285716
3429,12,4.25
3435,17,4.323529411764706
3438,25,3.0
3439,13,2.6923076923076925
3440,14,2.0714285714285716
3441,14,3.4285714285714284
3444,9,2.9444444444444446
3448,43,3.802325581395349
3450,29,3.293103448275862
3451,11,4.545454545454546
3452,18,3.0833333333333335
3461,13,3.0384615384615383
3462,25,3.72
3466,8,3.0
3468,18,4.333333333333333
3469,6,4.083333333333333
3470,5,4.3
3471,60,3.7416666666666667
3476,26,3.5576923076923075
3477,13,3.3846153846153846
3478,7,2.7857142857142856
3479,18,3.3333333333333335
3481,75,3.6666666666666665
3483,13,3.1153846153846154
3484,10,2.75
3489,53,3.358490566037736
3494,6,4.0
3498,8,4.0
3499,44,3.840909090909091
3501,5,2.3
3503,11,4.090909090909091
3504,22,4.0227272727272725
3505,9,3.7222222222222223
3506,5,3.0
3507,15,4.066666666666666
3508,18,4.25
3510,36,3.4166666666666665
3511,6,2.25
3512,8,3.5625
3513,7,3.0714285714285716
3515,9,3.611111111111111
3519,6,2.9166666666666665
3521,7,3.4285714285714284
3524,10,2.8
3525,5,2.9
3526,15,3.7
3527,61,3.581967213114754
3528,5,3.4
3529,5,3.5
3534,25,3.3
3535,59,3.788135593220339
3536,21,3.4523809523809526
3538,5,3.2
3543,14,3.75
3545,5,3.0
3548,5,3.7
3549,8,3.9375
3550,6,3.6666666666666665
3551,13,3.4615384615384617
3552,52,3.826923076923077
3553,5,2.4
3555,33,3.4242424242424243
3556,26,3.769230769230769
3557,5,2.9
3564,12,1.625
3565,7,3.5
3566,8,2.875
3578,170,3.9382352941176473
3591,15,2.7333333333333334
3593,19,1.6578947368421053
3594,6,3.25
3599,5,3.2
3608,25,2.94
3614,8,2.9375
3615,14,3.107142857142857
3616,10,3.3
3617,41,3.0853658536585367
3618,12,3.5416666666666665
3623,77,2.7142857142857144
3624,43,3.1511627906976742
3629,7,4.071428571428571
3632,5,4.0
3633,17,3.264705882352941
3635,18,3.4444444444444446
3638,26,3.1346153846153846
3639,18,3.5833333333333335
3646,17,2.176470588235294
3649,8,2.6875
3654,13,3.769230769230769
3668,15,3.6666666666666665
3671,62,3.935483870967742
3672,5,3.8
3675,8,4.1875
3676,10,3.75
3681,33,4.151515151515151
3682,5,3.7
3683,19,4.0
3684,7,3.0714285714285716
3685,9,3.7777777777777777
3686,15,2.933333333333333
3688,11,2.1363636363636362
3690,5,2.0
3693,8,2.125
3697,21,2.9047619047619047
3698,34,3.2205882352941178
3699,13,3.1538461538461537
3701,13,3.1153846153846154
3702,38,3.486842105263158
3703,40,4.0375
3704,24,3.2708333333333335
3705,8,2.3125
3706,8,3.0
3707,10,2.7
3708,10,3.05
3717,61,3.221311475409836
3723,5,3.8
3724,5,3.3
3726,5,3.6
3727,8,4.3125
3730,17,4.205882352941177
3735,17,3.7941176470588234
3740,28,3.857142857142857
3741,11,4.090909090909091
3742,10,3.65
3744,19,2.6578947368421053
3745,29,3.413793103448276
3751,78,3.551282051282051
3752,46,3.0869565217391304
3753,68,3.448529411764706
3754,9,2.2222222222222223
3755,44,3.1704545454545454
3763,16,3.21875
3764,5,2.3
3766,6,2.0833333333333335
3770,6,2.6666666666666665
3783,11,3.9545454545454546
3784,11,2.590909090909091
3785,50,2.92
3788,6,3.6666666666666665
3791,16,3.1875
3793,133,3.699248120300752
3798,25,3.2
3799,6,1.5833333333333333
3809,35,3.2714285714285714
3811,7,3.9285714285714284
3812,12,3.4583333333333335
3814,9,4.222222222222222
3821,16,2.28125
3824,11,2.409090909090909
3825,29,2.7413793103448274
3826,39,2.2948717948717947
3827,23,2.891304347826087
3831,11,3.909090909090909
3835,6,2.1666666666666665
3836,15,4.133333333333334
3840,5,2.4
3841,6,2.8333333333333335
3844,9,3.3333333333333335
3852,13,3.3846153846153846
3858,5,3.5
3861,19,2.6842105263157894
3863,45,3.0444444444444443
3864,5,2.1
3868,42,3.4047619047619047
3869,26,3.423076923076923
3871,5,3.9
3873,7,3.142857142857143
3877,9,2.2222222222222223
3882,34,2.6911764705882355
3889,6,2.25
3893,19,3.3421052631578947
3896,8,3.125
3897,83,3.8674698795180724
3910,20,3.975
3911,53,3.688679245283019
3915,6,3.6666666666666665
3916,41,3.7439024390243905
3917,15,3.3666666666666667
3918,9,3.2777777777777777
3925,6,3.9166666666666665
3927,6,2.6666666666666665
3943,8,2.9375
3946,5,2.5
3948,91,3.4175824175824174
3949,96,3.921875
3950,8,3.5625
3952,7,3.0714285714285716
3955,6,1.5833333333333333
3959,8,3.625
3967,37,3.8513513513513513
3968,27,3.074074074074074
3969,26,3.4423076923076925
3972,16,4.125
3977,72,2.7222222222222223
3978,15,3.066666666666667
3979,24,2.5
3980,14,3.392857142857143
3981,13,2.3461538461538463
3983,9,4.166666666666667
3984,21,3.5
3985,6,3.25
3986,20,2.8
3987,6,2.4166666666666665
3988,33,3.0454545454545454
3991,9,2.7777777777777777
3992,5,3.7
3993,6,3.0
3994,73,3.4794520547945207
3996,110,3.8363636363636364
3997,12,1.8333333333333333
3998,12,3.0416666666666665
3999,14,2.607142857142857
4002,27,3.8518518518518516
4005,12,3.2916666666666665
4006,7,3.357142857142857
4007,20,3.75
4008,13,3.5384615384615383
4010,8,2.9375
4011,93,4.155913978494624
4014,47,3.521276595744681
4015,33,2.727272727272727
4016,37,3.7162162162162162
4017,14,3.5357142857142856
4018,54,3.138888888888889
4019,28,3.7142857142857144
4020,13,2.923076923076923
4021,5,4.3
4022,100,3.7
4023,23,3.130434782608696
4025,64,3.0546875
4027,94,3.8085106382978724
4029,12,3.875
4030,5,1.8
4033,13,3.923076923076923
4034,70,3.9
4036,11,3.1363636363636362
4037,8,3.8125
4039,16,3.125
4040,13,2.3461538461538463
4041,14,3.642857142857143
4047,9,3.6666666666666665
4052,8,3.5625
4054,16,2.84375
4056,7,3.2857142857142856
4062,8,3.375
4068,7,2.7142857142857144
4069,22,2.909090909090909
4084,19,2.8684210526315788
4085,46,3.402173913043478
4086,5,3.5
4090,8,3.5625
4102,6,3.5
4103,10,3.95
4104,5,1.4
4105,22,3.8181818181818183
4109,7,2.5714285714285716
4121,12,3.125
4128,26,3.7115384615384617
4132,8,2.625
4133,8,2.5625
4144,14,4.214285714285714
4148,39,2.9358974358974357
4149,11,2.772727272727273
4153,12,2.4166666666666665
4155,8,3.3125
4158,6,2.0833333333333335
4159,7,2.7142857142857144
4161,23,3.347826086956522
4167,10,3.0
4178,6,3.5
4203,6,3.1666666666666665
4205,6,3.1666666666666665
4210,6,3.9166666666666665
4211,6,3.75
4214,13,2.8846153846153846
4215,6,2.0833333333333335
4220,5,3.4
4223,40,3.5125
4225,7,4.0
4226,159,4.122641509433962
4228,10,2.15
4231,5,3.5
4232,28,2.9464285714285716
4233,6,2.0
4234,5,3.2
4235,23,3.9347826086956523
4238,17,3.1470588235294117
4239,51,3.8137254901960786
4241,5,2.1
4246,65,3.623076923076923
4247,21,2.380952380952381
4248,6,1.75
4254,13,2.1923076923076925
4255,10,2.2
4262,67,3.9328358208955225
4265,5,3.0
4267,5,3.4
4270,45,3.088888888888889
4275,5,2.9
4280,9,3.5555555555555554
4291,11,2.727272727272727
4299,41,3.341463414634146
4304,5,3.6
4306,170,3.8676470588235294
4308,55,3.590909090909091
4310,43,2.9651162790697674
4321,31,3.370967741935484
4322,10,3.75
4326,11,3.590909090909091
4327,16,3.59375
4333,10,3.2
4334,5,4.6
4340,11,2.1363636363636362
4343,27,3.037037037037037
4344,34,3.1029411764705883
4349,8,3.75
4351,16,3.25
4356,5,3.8
4359,8,3.375
4361,32,3.421875
4366,19,3.3421052631578947
4367,40,2.9
4368,11,2.3636363636363638
4369,45,3.066666666666667
4370,56,3.3392857142857144
4372,5,3.4
4378,14,3.7142857142857144
4380,7,3.857142857142857
4383,5,3.5
4386,11,2.8181818181818183
4387,9,3.7777777777777777
4388,26,2.6538461538461537
4396,10,2.75
4406,5,4.4
4427,9,3.6666666666666665
4437,8,3.9375
4446,31,3.3548387096774195
4447,64,3.15625
4448,20,3.55
4450,7,3.642857142857143
4452,6,2.6666666666666665
4464,5,3.6
4465,5,3.7
4467,13,3.769230769230769
4474,5,2.9
4477,8,1.9375
4487,11,2.9545454545454546
4489,24,3.4583333333333335
4498,6,3.0
4499,16,4.125
4508,8,3.5
4509,5,2.9
4519,9,3.3333333333333335
4526,5,3.1
4544,5,2.9
4545,20,3.275
4546,6,3.9166666666666665
4553,9,3.7222222222222223
4558,14,2.4642857142857144
4564,6,2.8333333333333335
4571,45,3.7
4587,8,2.25
4591,5,3.0
4616,6,3.5
4621,18,2.388888888888889
4623,20,3.575
4638,36,2.8472222222222223
4639,18,2.5833333333333335
4641,34,3.5
4642,11,4.181818181818182
4643,49,2.7448979591836733
4649,7,3.642857142857143
4654,7,2.7857142857142856
4676,6,1.9166666666666667
4677,13,3.0384615384615383
4678,9,3.4444444444444446
4679,13,2.8846153846153846
4681,7,3.642857142857143
4700,27,3.037037037037037
4701,31,3.370967741935484
4713,7,3.5714285714285716
4718,45,3.066666666666667
4719,8,2.625
4720,55,3.6272727272727274
4728,18,3.0555555555555554
4732,9,1.8888888888888888
4734,34,3.161764705882353
4735,5,2.6
4741,7,3.7142857142857144
4744,7,2.5
4748,6,2.0833333333333335
4754,6,3.9166666666666665
4774,6,2.1666666666666665
4776,51,3.7941176470588234
4787,10,3.35
4799,10,3.25
4812,6,2.1666666666666665
4814,5,2.5
4815,6,2.9166666666666665
4816,54,3.509259259259259
4821,5,3.1
4823,25,3.14
4844,6,2.6666666666666665
4846,5,3.5
4848,51,3.843137254901961
4855,20,3.775
4857,8,3.8125
4865,20,3.65
4866,8,2.8125
4867,5,3.1
4873,19,3.6842105263157894
4874,33,3.484848484848485
4876,12,2.4583333333333335
4878,109,3.981651376146789
4880,9,3.888888888888889
4881,17,3.735294117647059
4886,132,3.871212121212121
4887,14,2.75
4889,7,3.4285714285714284
4890,31,3.032258064516129
4896,107,3.7616822429906542
4899,8,2.1875
4900,5,3.0
4901,27,3.4814814814814814
4902,10,3.35
4903,10,3.0
4914,8,3.9375
4915,5,2.8
4921,5,4.0
4936,9,3.3333333333333335
4941,8,3.1875
4951,7,3.4285714285714284
4954,11,3.6363636363636362
4958,20,3.25
4963,119,3.8445378151260505
4967,13,4.1923076923076925
4971,5,3.1
4973,120,4.183333333333334
4974,14,2.5714285714285716
4975,44,3.4204545454545454
4978,6,3.8333333333333335
4979,68,3.6838235294117645
4980,20,3.075
4989,9,2.9444444444444446
4990,5,3.2
4992,17,3.2058823529411766
4993,198,4.106060606060606
4994,10,3.5
4995,123,4.0
5004,7,3.5
5008,9,4.388888888888889
5009,8,3.0
5010,50,3.81
5013,27,3.7037037037037037
5014,17,3.764705882352941
5015,18,3.3055555555555554
5016,6,3.0
5025,15,2.6333333333333333
5026,14,3.8214285714285716
5027,5,3.0
5039,6,4.083333333333333
5040,8,3.125
5047,9,3.2222222222222223
5048,6,2.3333333333333335
5049,11,3.590909090909091
5055,8,2.8125
5060,46,3.9347826086956523
5064,32,3.828125
5065,13,3.076923076923077
5066,14,3.5
5072,13,3.9615384615384617
5080,5,2.6
5081,5,2.8
5092,5,3.0
5093,9,2.7777777777777777
5094,7,1.7857142857142858
5103,24,3.4375
5106,7,2.0714285714285716
5107,5,3.1
5108,11,2.909090909090909
5110,24,3.6041666666666665
5128,11,2.3636363636363638
5135,12,3.8333333333333335
5139,9,3.2777777777777777
5146,9,3.111111111111111
5151,18,3.0
5152,18,3.3333333333333335
5159,7,3.142857142857143
5171,22,2.8636363636363638
5218,85,3.6882352941176473
5219,30,3.0833333333333335
5220,10,2.4
5225,21,3.9523809523809526
5247,9,2.7222222222222223
5254,34,3.2058823529411766
5265,11,3.3181818181818183
5266,37,3.0
5267,12,3.2916666666666665
5283,22,2.909090909090909
5291,18,3.9444444444444446
5292,7,3.857142857142857
5293,9,3.3333333333333335
5294,11,3.8636363636363638
5296,10,2.9
5298,5,3.5
5299,60,3.2666666666666666
5303,7,3.4285714285714284
5308,19,2.8157894736842106
5309,8,2.5625
5312,7,2.857142857142857
5313,22,2.2954545454545454
5316,7,3.142857142857143
5319,6,3.5
5323,8,1.1875
5325,7,3.7857142857142856
5329,10,3.35
5339,6,3.9166666666666665
5349,122,3.540983606557377
5363,9,2.5
5364,7,3.5
5377,44,3.715909090909091
5378,92,3.157608695652174
5379,6,4.25
5380,10,3.85
5388,33,3.303030303030303
5400,17,2.9705882352941178
5401,9,1.8333333333333333
5418,112,3.8169642857142856
5419,17,2.8529411764705883
5420,8,2.875
5421,6,3.5
5434,5,3.8
5444,29,3.810344827586207
5445,120,3.6375
5446,7,3.642857142857143
5449,22,2.909090909090909
5450,5,3.2
5451,5,3.0
5452,6,1.5833333333333333
5459,61,2.959016393442623
5463,18,2.7222222222222223
5464,49,3.520408163265306
5478,8,2.75
5479,6,3.5
5480,5,2.6
5481,65,2.8461538461538463
5500,10,4.2
5501,7,1.8571428571428572
5502,63,3.1666666666666665
5504,7,2.2142857142857144
5505,12,3.2083333333333335
5507,24,2.7708333333333335
5508,7,3.5714285714285716
5524,8,2.6875
5528,19,3.473684210526316
5530,7,2.142857142857143
5540,9,3.611111111111111
5541,15,3.1333333333333333
5548,5,3.0
5553,8,3.0
5568,7,2.857142857142857
5570,5,3.9
5572,7,2.7142857142857144
5573,7,2.2857142857142856
5574,26,3.519230769230769
5577,12,3.6666666666666665
5582,8,2.6875
5585,6,2.0833333333333335
5608,11,3.8636363636363638
5617,25,3.9
5618,87,4.155172413793103
5620,28,3.0535714285714284
5621,10,2.5
5628,5,3.5
5630,31,3.435483870967742
5632,5,3.6
5650,11,3.5454545454545454
5665,5,2.5
5666,5,3.6
5669,58,3.7758620689655173
5673,33,3.621212121212121
5679,47,3.202127659574468
5690,16,4.15625
5693,11,3.3181818181818183
5747,7,4.285714285714286
5782,19,3.8684210526315788
5784,9,2.5
5785,17,3.5
5791,16,3.78125
5792,6,3.6666666666666665
5796,5,2.5
5803,7,2.5
5804,5,2.3
5810,41,3.292682926829268
5812,11,3.8636363636363638
5816,102,3.5980392156862746
5872,27,2.925925925925926
5874,5,2.4
5876,5,3.9
5878,14,4.035714285714286
5881,20,3.075
5882,8,3.5625
5900,8,2.5625
5902,46,3.9456521739130435
5903,44,3.875
5909,5,3.3
5941,6,2.9166666666666665
5942,6,2.8333333333333335
5943,19,2.6052631578947367
5944,19,3.1052631578947367
5945,26,3.173076923076923
5952,188,4.0212765957446805
5954,22,3.840909090909091
5955,9,3.5555555555555554
5956,55,3.518181818181818
5957,19,3.263157894736842
5959,9,3.2777777777777777
5970,10,3.2
5971,37,3.9594594594594597
5989,115,3.9217391304347826
5991,49,3.7244897959183674
5992,15,3.7
5993,5,2.9
5995,46,4.108695652173913
6001,7,4.071428571428571
6003,15,3.6
6006,8,2.75
6014,5,2.5
6016,75,4.1466666666666665
6025,5,2.9
6058,10,3.05
6059,17,3.3529411764705883
6062,6,3.0833333333333335
6104,9,4.166666666666667
6155,29,3.2758620689655173
6156,19,3.210526315789474
6157,32,2.5
6166,8,1.8125
6187,8,3.8125
6188,39,3.5128205128205128
6212,6,1.9166666666666667
6213,7,2.642857142857143
6214,9,3.888888888888889
6218,40,3.3
6238,9,2.8333333333333335
6242,11,3.4545454545454546
6250,7,2.642857142857143
6264,8,2.375
6266,8,3.0625
6281,32,3.140625
6283,20,3.9
6287,34,3.0588235294117645
6290,7,2.7142857142857144
6294,11,2.409090909090909
6296,14,3.75
6297,20,3.425
6299,9,3.5
6301,5,4.0
6303,8,3.625
6305,10,3.6
6322,6,2.8333333333333335
6323,22,3.6818181818181817
6331,13,3.923076923076923
6333,76,3.723684210526316
6338,6,2.3333333333333335
6350,24,4.0625
6365,96,3.3541666666666665
6367,10,2.9
6370,5,4.0
6373,71,3.316901408450704
6377,141,3.9609929078014185
6378,59,3.6186440677966103
6380,7,3.9285714285714284
6383,19,2.6052631578947367
6385,14,3.75
6440,14,4.035714285714286
6460,5,4.9
6461,6,3.8333333333333335
6482,11,1.9545454545454546
6484,7,2.9285714285714284
6502,58,3.9741379310344827
6503,27,2.3703703703703702
6534,33,2.5606060606060606
6535,11,2.409090909090909
6536,6,3.6666666666666665
6537,45,3.0444444444444443
6538,5,3.6
6539,149,3.778523489932886
6541,32,2.625
6548,17,2.8823529411764706
6550,13,2.9615384615384617
6552,12,3.625
6564,17,2.6470588235294117
6565,18,3.6944444444444446
6586,16,3.09375
6591,6,4.333333333333333
6593,24,3.2083333333333335
6595,14,3.3214285714285716
6615,9,2.3333333333333335
6617,9,3.9444444444444446
6618,17,3.823529411764706
6619,6,2.9166666666666665
6620,18,3.8333333333333335
6624,5,1.9
6639,7,3.4285714285714284
6645,7,3.7857142857142856
6659,16,3.4375
6662,11,3.4545454545454546
6663,5,3.4
6664,6,3.5
6666,5,4.3
6669,6,3.4166666666666665
6686,5,2.7
6702,5,2.3
6707,8,2.875
6708,34,3.7205882352941178
6709,14,3.2142857142857144
6711,74,4.033783783783784
6713,5,3.8
6721,7,3.357142857142857
6724,5,3.6
6731,8,3.625
6753,12,3.5
6754,33,3.5
6755,14,3.3214285714285716
6763,7,2.4285714285714284
6764,17,3.1470588235294117
6765,9,3.2777777777777777
6773,22,3.7045454545454546
6774,8,3.6875
6777,5,3.6
6787,27,4.018518518518518
6791,5,4.4
6793,11,1.7727272727272727
6794,5,1.5
6796,18,3.7222222222222223
6807,40,3.95
6810,5,2.5
6811,5,2.5
6820,6,4.0
6832,5,3.6
6857,13,3.769230769230769
6863,66,3.4015151515151514
6867,12,3.5833333333333335
6868,7,3.4285714285714284
6870,52,3.7115384615384617
6873,20,3.175
6874,131,3.9618320610687023
6879,17,3.4411764705882355
6880,7,1.8571428571428572
6881,7,3.0714285714285716
6887,5,4.1
6888,20,2.275
6890,9,3.5555555555555554
6893,10,3.85
6932,7,3.5
6934,79,3.151898734177215
6936,39,3.6923076923076925
6942,59,3.788135593220339
6944,13,3.5
6947,36,3.638888888888889
6951,5,2.1
6952,9,3.111111111111111
6953,25,3.3
6957,26,3.3653846153846154
6958,10,2.5
6974,6,3.0
6975,5,3.2
6979,21,3.3095238095238093
6985,5,3.9
6987,7,3.857142857142857
6993,13,3.769230769230769
6996,7,1.8571428571428572
7001,6,3.75
7004,17,2.8823529411764706
7007,8,3.5
7008,5,4.5
7013,7,4.0
7018,5,3.9
7022,30,3.933333333333333
7027,5,3.2
7028,7,3.5714285714285716
7034,8,3.8125
7036,7,3.142857142857143
7044,5,3.8
7046,11,2.5
7063,8,4.0
7064,6,3.25
7076,8,3.875
7090,38,3.9210526315789473
7099,23,4.0
7101,6,3.0
7115,5,2.6
7117,5,2.3
7123,9,3.4444444444444446
7132,9,4.111111111111111
7137,10,3.55
7139,7,3.857142857142857
7143,62,3.903225806451613
7147,69,3.8333333333333335
7149,17,3.6470588235294117
7150,10,2.8
7151,12,3.375
7153,185,4.118918918918919
7154,10,2.8
7155,8,2.625
7156,13,4.3076923076923075
7158,9,3.7777777777777777
7160,17,3.5294117647058822
7161,8,1.9375
7162,12,3.2916666666666665
7163,17,2.911764705882353
7164,6,3.0833333333333335
7169,8,3.9375
7173,24,3.0416666666666665
7234,6,4.25
7235,6,3.4166666666666665
7247,11,3.4545454545454546
7254,46,3.630434782608696
7255,8,2.8125
7256,8,4.0
7263,10,3.35
7265,13,3.730769230769231
7285,9,3.611111111111111
7293,47,3.5531914893617023
7317,15,3.1333333333333333
7318,13,2.6153846153846154
7319,6,2.0833333333333335
7320,5,3.4
7323,23,3.8043478260869565
7324,11,3.3181818181818183
7325,21,3.2857142857142856
7327,6,3.75
7346,20,3.125
7347,15,3.3
7360,16,3.90625
7361,131,4.1603053435114505
7366,8,2.9375
7367,14,2.5714285714285716
7371,20,4.025
7373,41,3.3780487804878048
7375,7,3.0714285714285716
7376,6,3.0
7379,6,3.5
7380,7,3.357142857142857
7381,7,3.142857142857143
7387,20,3.975
7396,7,4.0
7419,7,3.7857142857142856
7438,110,3.868181818181818
7439,14,3.5
7444,21,3.1904761904761907
7445,35,3.6285714285714286
7451,39,3.7564102564102564
7454,24,2.7083333333333335
7458,48,3.4270833333333335
7460,6,3.5833333333333335
7482,13,4.038461538461538
7569,12,3.8333333333333335
7570,8,3.3125
7573,8,3.125
7624,6,2.75
7649,5,2.8
7669,9,3.5555555555555554
7698,5,3.7
7700,5,3.3
7701,7,1.7857142857142858
7757,6,3.5
7802,8,3.9375
7845,5,2.7
7934,7,4.0
7980,7,3.7857142857142856
7981,9,4.333333333333333
7983,5,4.2
8014,10,4.25
8042,7,4.0
8128,5,4.1
8132,9,4.333333333333333
8154,6,3.75
8157,5,3.5
8169,7,3.2857142857142856
8207,6,4.083333333333333
8228,17,3.6176470588235294
8253,5,3.4
8254,6,4.25
8266,5,2.7
8340,7,3.7857142857142856
8360,92,3.5760869565217392
8361,50,3.05
8366,14,3.892857142857143
8368,93,3.913978494623656
8370,12,3.9583333333333335
8371,23,3.3043478260869565
8372,5,2.3
8373,12,2.25
8376,37,3.324324324324324
8387,5,0.8
8464,50,3.51
8493,6,3.0833333333333335
8507,9,3.1666666666666665
8528,39,3.551282051282051
8529,47,3.3191489361702127
8531,6,2.8333333333333335
8533,38,3.5657894736842106
8604,5,3.2
8607,5,3.9
8614,6,3.0
8622,37,3.4864864864864864
8623,11,3.272727272727273
8633,7,3.5714285714285716
8636,79,3.8037974683544302
8638,15,3.7
8640,13,2.9615384615384617
8641,57,3.7719298245614037
8643,9,3.2777777777777777
8644,61,3.4918032786885247
8645,8,3.9375
8665,75,3.7866666666666666
8666,9,1.3333333333333333
8781,12,3.0416666666666665
8783,26,3.1923076923076925
8784,48,3.7083333333333335
8796,5,3.1
8798,44,3.7613636363636362
8807,34,3.4558823529411766
8808,7,2.5
8810,17,2.823529411764706
8814,7,2.0
8827,5,4.0
8860,7,2.857142857142857
8861,14,2.9285714285714284
8865,18,2.638888888888889
8866,9,3.111111111111111
8869,6,3.3333333333333335
8870,5,2.5
8873,27,3.7962962962962963
8874,77,4.0064935064935066
8879,6,3.25
8880,7,3.4285714285714284
8907,13,2.3461538461538463
8908,6,3.6666666666666665
8910,21,3.4523809523809526
8914,17,3.7941176470588234
8917,32,3.46875
8937,8,3.5625
8947,10,2.3
8949,39,3.7435897435897436
8950,38,3.986842105263158
8957,33,3.1818181818181817
8958,19,3.6842105263157894
8961,125,3.836
8965,11,3.1363636363636362
8966,8,3.125
8968,6,3.5833333333333335
8969,20,3.025
8970,32,3.609375
8972,38,3.263157894736842
8973,8,3.75
8977,10,2.2
8981,16,3.71875
8983,25,3.52
8984,43,3.2906976744186047
8985,14,2.857142857142857
9010,5,4.1
26084,5,3.9
26131,5,4.3
26133,6,4.0
26152,5,3.0
26242,5,3.2
26258,5,3.9
26614,9,3.388888888888889
26662,17,4.0588235294117645
26680,5,3.8
26729,5,3.8
26776,14,3.892857142857143
26903,5,3.8
27020,5,3.4
27156,5,4.3
27266,7,4.071428571428571
27317,6,3.75
27592,5,3.8
27611,19,3.8157894736842106
27660,20,3.7
27706,25,3.16
27721,6,3.6666666666666665
27731,8,3.75
27741,6,3.8333333333333335
27772,6,2.5833333333333335
27773,39,4.089743589743589
27788,8,3.0
27801,12,4.0
27803,8,4.0
27808,11,3.3636363636363638
27815,11,3.909090909090909
27821,6,3.25
27822,5,2.7
27831,19,3.8157894736842106
27839,5,2.3
27846,10,3.9
27904,22,3.6136363636363638
27912,5,3.3
30707,52,3.8461538461538463
30749,48,3.7916666666666665
30793,61,3.0
30810,37,3.4864864864864864
30812,35,3.5285714285714285
30816,12,3.1666666666666665
30822,11,3.4545454545454546
30825,33,3.106060606060606
30894,8,2.5
31221,10,2.05
31225,7,3.0714285714285716
31364,5,4.7
31410,20,3.875
31420,8,3.1875
31427,6,2.3333333333333335
31433,11,3.1363636363636362
31658,40,4.075
31685,45,3.1666666666666665
31696,35,3.4714285714285715
31878,19,3.5789473684210527
32011,6,2.1666666666666665
32017,7,2.7142857142857144
32019,8,2.4375
32029,10,3.05
32031,19,3.026315789473684
32291,5,3.1
32296,8,2.25
32587,84,3.857142857142857
32596,7,3.0714285714285716
32598,8,2.9375
32898,5,3.5
33004,44,3.4204545454545454
33085,6,2.25
33145,6,3.0
33154,6,4.0
33158,5,2.0
33162,17,3.5
33164,6,1.8333333333333333
33166,50,3.89
33437,9,3.4444444444444446
33493,78,3.4294871794871793
33495,7,2.642857142857143
33615,40,3.375
33646,9,3.111111111111111
33660,17,4.088235294117647
33669,7,3.0714285714285716
33672,7,3.0
33679,59,3.2796610169491527
33794,116,3.8620689655172415
33836,13,2.269230769230769
33903,5,4.0
34048,50,3.15
34072,18,3.5555555555555554
34150,36,2.763888888888889
34162,58,3.5086206896551726
34319,31,3.3548387096774195
34323,7,3.7142857142857144
34332,6,2.9166666666666665
34334,5,2.5
34338,10,3.35
34405,50,3.94
34437,21,3.4761904761904763
34520,12,2.0833333333333335
34534,7,3.5714285714285716
34542,5,3.7
35836,74,3.5472972972972974
35957,9,3.388888888888889
36401,20,2.625
36517,13,3.4615384615384617
36519,16,3.21875
36525,8,2.6875
36527,7,3.5714285714285716
36529,35,3.7142857142857144
36535,9,3.7777777777777777
36708,12,3.7083333333333335
37380,10,2.15
37382,8,2.875
37384,13,3.269230769230769
37386,21,2.761904761904762
37720,6,2.9166666666666665
37727,11,2.8636363636363638
37729,44,3.534090909090909
37731,9,3.7222222222222223
37733,27,3.5
37739,5,3.3
37741,23,3.869565217391304
37830,10,3.55
37857,9,3.611111111111111
38038,30,3.6333333333333333
38061,35,4.071428571428571
38886,9,3.4444444444444446
39183,34,3.5588235294117645
39292,20,3.775
39381,8,3.5625
39400,5,2.1
39414,7,3.0
39435,5,2.9
39444,9,3.388888888888889
39446,13,2.8076923076923075
39449,5,2.6
39715,7,2.142857142857143
40148,7,3.357142857142857
40278,17,3.676470588235294
40339,7,2.2857142857142856
40414,5,3.7
40581,6,2.9166666666666665
40583,16,3.53125
40629,27,3.5555555555555554
40732,11,3.5454545454545454
40815,71,3.816901408450704
40819,39,3.7564102564102564
40826,10,3.15
41285,17,3.4411764705882355
41566,62,3.443548387096774
41569,40,3.4
41571,12,3.5833333333333335
41573,8,2.875
41716,7,3.2142857142857144
41863,5,4.0
41997,21,3.8095238095238093
42002,9,3.388888888888889
42004,6,3.5
42011,11,2.1818181818181817
42418,5,3.2
42632,5,4.0
42718,5,3.8
42723,11,2.8636363636363638
42725,7,2.5714285714285716
42728,5,3.6
42738,16,3.09375
43396,7,3.7857142857142856
43560,6,3.1666666666666665
43679,9,2.8333333333333335
43836,7,2.857142857142857
43871,8,2.75
43904,5,1.3
43921,5,3.3
43928,13,1.9230769230769231
43936,9,3.0
44004,6,3.25
44022,23,3.217391304347826
44191,100,3.885
44193,6,3.75
44195,36,4.027777777777778
44199,40,3.8
44397,6,3.0833333333333335
44555,34,4.117647058823529
44665,38,3.8552631578947367
44694,8,3.8125
44709,5,3.8
44761,12,3.875
44788,6,3.5
44828,5,3.0
44840,11,2.772727272727273
44972,12,2.25
44974,12,3.5
45028,6,3.6666666666666665
45081,12,2.9583333333333335
45186,28,3.5892857142857144
45210,7,4.142857142857143
45221,6,2.5833333333333335
45431,14,3.4285714285714284
45440,6,3.3333333333333335
45447,49,3.122448979591837
45499,52,3.355769230769231
45501,11,2.590909090909091
45517,41,3.3780487804878048
45662,5,2.3
45666,14,2.4642857142857144
45668,10,3.1
45672,23,2.9782608695652173
45720,34,3.5588235294117645
45722,72,3.5069444444444446
45726,6,2.1666666666666665
45728,13,3.8846153846153846
45730,9,2.8333333333333335
45732,6,1.5833333333333333
45880,13,3.1923076923076925
45928,5,3.7
45950,13,3.576923076923077
46322,8,3.125
46335,11,2.090909090909091
46530,25,3.08
46578,77,3.883116883116883
46723,31,3.5
46948,9,3.111111111111111
46965,14,2.642857142857143
46970,28,3.25
46972,23,3.239130434782609
46974,6,2.6666666666666665
46976,44,3.6931818181818183
47044,10,2.75
47099,46,3.7934782608695654
47122,9,2.7222222222222223
47200,14,3.4285714285714284
47423,5,4.0
47518,14,2.9285714285714284
47610,43,3.7790697674418605
47629,13,3.730769230769231
47640,6,3.5
47644,7,3.0
47950,5,3.2
47997,18,3.7222222222222223
47999,7,4.071428571428571
48043,14,3.5
48082,11,3.8636363636363638
48142,6,3.25
48304,19,3.6052631578947367
48322,7,3.5714285714285716
48385,65,3.3461538461538463
48394,81,3.814814814814815
48516,107,4.252336448598131
48520,6,2.8333333333333335
48738,20,3.975
48774,64,3.9453125
48780,90,4.0055555555555555
48783,11,3.4545454545454546
48877,11,3.0454545454545454
48982,7,3.5
48997,8,3.25
49272,81,3.9444444444444446
49274,11,2.6818181818181817
49278,20,3.3
49286,24,3.2083333333333335
49396,9,3.4444444444444446
49530,53,3.7641509433962264
49649,12,2.3333333333333335
49651,14,3.3214285714285716
49822,7,3.142857142857143
49824,5,3.1
49932,6,3.6666666666666665
50068,17,3.7058823529411766
50442,8,3.125
50601,9,2.7777777777777777
50685,6,3.8333333333333335
50794,10,3.1
50872,72,3.8680555555555554
50912,8,2.9375
51077,12,2.25
51080,8,3.5625
51084,10,3.1
51086,14,2.9285714285714284
51255,61,4.0
51412,14,2.8214285714285716
51540,38,3.710526315789474
51575,5,2.3
51662,80,3.68125
51709,7,4.0
51834,6,2.9166666666666665
51931,5,4.1
51935,25,3.86
51939,6,3.0833333333333335
52241,6,3.25
52245,17,3.088235294117647
52281,27,3.425925925925926
52287,11,3.5454545454545454
52319,7,3.5714285714285716
52328,14,3.642857142857143
52435,11,3.590909090909091
52458,10,3.15
52604,12,3.6666666666666665
52722,44,3.0
52885,9,3.7777777777777777
52952,8,4.0
52973,52,3.6538461538461537
52975,15,3.5
53000,21,3.5952380952380953
53121,21,3.0238095238095237
53123,9,3.9444444444444446
53125,56,3.4375
53129,7,4.0
53322,33,3.484848484848485
53460,7,3.5
53464,20,2.575
53468,7,3.2857142857142856
53519,26,3.1346153846153846
53894,14,3.7142857142857144
53953,25,3.16
53972,32,3.40625
53993,13,2.5384615384615383
53996,39,3.3461538461538463
54001,58,3.8620689655172415
54004,11,3.4545454545454546
54190,11,4.045454545454546
54256,7,3.142857142857143
54259,34,3.6029411764705883
54272,46,3.619565217391304
54281,5,3.5
54286,81,3.697530864197531
54503,55,3.8636363636363638
54648,5,2.7
54736,8,3.8125
54881,12,3.9166666666666665
54995,22,3.7954545454545454
54997,25,4.06
54999,12,3.4583333333333335
55052,13,3.5384615384615383
55118,19,4.026315789473684
55232,10,2.95
55247,41,3.902439024390244
55261,8,2.5
55267,9,3.388888888888889
55269,21,3.4285714285714284
55276,17,3.911764705882353
55280,8,3.5625
55282,11,3.1818181818181817
55290,20,3.45
55363,10,4.1
55442,11,4.181818181818182
55577,5,3.2
55721,10,4.3
55765,37,3.9054054054054053
55768,10,3.15
55814,5,4.1
55820,64,3.8984375
55830,10,3.4
55872,6,3.5
55908,8,4.1875
55995,8,2.5625
56145,14,3.4285714285714284
56152,17,3.676470588235294
56156,7,3.2857142857142856
56171,18,3.111111111111111
56174,62,3.4838709677419355
56251,10,3.9
56339,8,3.875
56367,65,3.769230769230769
56587,13,3.230769230769231
56715,6,4.0
56757,30,3.716666666666667
56775,24,3.0416666666666665
56782,28,4.142857142857143
56788,8,3.375
56801,6,2.5833333333333335
56805,5,3.3
56921,5,3.8
56941,11,3.090909090909091
56949,20,3.3
57274,8,4.0625
57368,27,3.3518518518518516
57504,10,4.1
57528,9,3.2777777777777777
57640,18,3.8055555555555554
57669,41,4.158536585365853
58025,18,3.0
58047,14,3.4285714285714284
58103,6,3.4166666666666665
58105,5,3.4
58154,7,3.7857142857142856
58156,10,2.9
58162,7,3.0
58293,17,2.7058823529411766
58295,13,3.6153846153846154
58299,8,3.4375
58559,149,4.238255033557047
58803,18,3.75
58998,39,3.769230769230769
59022,13,3.3076923076923075
59126,5,3.8
59258,11,3.1363636363636362
59315,94,3.824468085106383
59369,42,3.619047619047619
59387,11,3.9545454545454546
59421,8,2.75
59501,12,3.5416666666666665
59615,39,2.8333333333333335
59725,11,2.409090909090909
59784,54,3.4444444444444446
59900,15,2.8666666666666667
60037,5,3.0
60040,35,3.1714285714285713
60069,104,4.0576923076923075
60072,22,3.159090909090909
60074,29,3.0344827586206895
60126,16,3.46875
60161,6,3.5
60397,14,2.9642857142857144
60487,5,3.8
60514,5,2.5
60684,43,3.988372093023256
60756,28,3.5535714285714284
60766,8,3.6875
60937,7,2.642857142857143
60950,16,3.09375
61024,31,3.6774193548387095
61132,33,3.5
61160,7,2.357142857142857
61236,5,3.0
61240,17,3.911764705882353
61248,9,3.2222222222222223
61250,10,2.5
61323,39,3.4871794871794872
62081,8,3.0625
62113,6,2.8333333333333335
62155,10,3.35
62250,5,3.7
62336,9,4.277777777777778
62374,11,3.772727272727273
62434,21,3.5238095238095237
62644,7,3.5714285714285716
62849,13,3.769230769230769
62956,9,3.4444444444444446
62999,13,3.6923076923076925
63062,8,3.4375
63072,9,3.888888888888889
63082,71,3.8098591549295775
63113,35,3.4571428571428573
63131,20,3.625
63853,5,3.2
63859,18,3.388888888888889
63876,11,3.5454545454545454
63992,22,2.409090909090909
64030,6,2.6666666666666665
64034,6,3.4166666666666665
64231,6,3.0
64285,5,3.7
64497,7,2.7857142857142856
64575,7,3.357142857142857
64614,46,3.9456521739130435
64620,9,3.9444444444444446
64622,7,3.2142857142857144
64716,11,4.136363636363637
64839,34,3.735294117647059
64957,37,3.5945945945945947
64969,34,3.6176470588235294
64983,11,3.409090909090909
65088,11,3.3636363636363638
65130,5,3.7
65216,7,3.9285714285714284
65230,14,3.142857142857143
65261,11,4.0
65514,10,3.95
65682,7,3.642857142857143
65685,5,3.5
65802,7,2.7142857142857144
66097,35,3.7
66203,11,2.8181818181818183
66297,6,3.5
66371,5,4.1
66509,5,3.5
66785,5,3.8
66934,24,3.9166666666666665
67087,17,3.5294117647058822
67197,9,2.8333333333333335
67255,25,3.94
67408,8,3.25
67734,15,3.3333333333333335
67923,10,3.25
67997,5,4.3
68073,5,3.4
68135,10,3.55
68157,88,4.136363636363637
68205,8,2.9375
68237,32,3.96875
68319,26,2.8653846153846154
68358,59,3.864406779661017
68554,17,3.264705882352941
68659,8,2.875
68791,18,3.25
68793,10,3.1
68952,6,3.75
68954,105,4.004761904761905
69069,6,3.5833333333333335
69122,76,3.6315789473684212
69134,5,3.8
69278,7,3.2142857142857144
69306,6,3.1666666666666665
69406,16,3.5
69436,7,2.7857142857142856
69481,34,4.0588235294117645
69526,20,2.425
69640,9,3.0555555555555554
69644,14,2.607142857142857
69757,42,3.6666666666666665
69784,10,3.65
69844,58,3.8879310344827585
69951,16,3.8125
70183,12,3.6666666666666665
70286,65,3.776923076923077
70293,12,2.9583333333333335
70336,8,2.625
70599,5,3.9
71033,7,3.857142857142857
71057,14,3.642857142857143
71106,5,3.6
71135,5,3.4
71156,9,3.388888888888889
71254,7,3.4285714285714284
71264,17,3.5294117647058822
71282,8,3.6875
71379,5,3.4
71464,11,3.227272727272727
71518,5,3.1
71520,6,2.3333333333333335
71530,14,3.0357142857142856
71535,53,3.8773584905660377
71579,6,3.8333333333333335
71745,12,2.6666666666666665
71838,8,3.0625
71899,10,4.2
72011,32,3.71875
72226,18,4.083333333333333
72378,21,2.619047619047619
72407,9,2.6666666666666665
72605,5,3.5
72641,31,3.6774193548387095
72733,7,3.857142857142857
72737,12,3.75
72998,97,3.6030927835051547
73017,58,3.853448275862069
73023,5,4.1
73266,5,3.0
73268,6,3.4166666666666665
73319,5,2.4
73321,16,3.28125
73323,5,4.2
74458,67,4.022388059701493
74530,7,2.357142857142857
74532,5,2.5
74545,7,3.7857142857142856
74789,28,2.875
74795,9,3.5
74868,5,3.0
74946,9,3.2222222222222223
75805,6,2.75
75985,6,3.5
76077,15,3.3
76093,53,3.943396226415094
76175,13,2.3076923076923075
76251,43,3.6511627906976742
76293,11,3.3181818181818183
77455,13,4.038461538461538
77561,47,3.5106382978723403
77800,5,4.0
77866,6,3.1666666666666665
78039,5,2.8
78105,13,2.8846153846153846
78209,10,3.55
78349,5,3.8
78469,17,3.1470588235294117
78499,55,4.109090909090909
78574,8,3.4375
78637,7,3.5714285714285716
78772,10,2.45
78893,6,1.9166666666666667
79008,8,4.0
79057,10,3.3
79091,38,3.6842105263157894
79132,143,4.066433566433567
79134,10,3.45
79139,10,3.45
79185,6,3.4166666666666665
79224,8,2.5
79242,6,2.9166666666666665
79293,15,2.966666666666667
79357,7,4.142857142857143
79428,7,3.2857142857142856
79553,5,3.0
79592,21,3.261904761904762
79695,17,3.0588235294117645
79702,44,3.7045454545454546
80166,6,2.6666666666666665
80219,12,3.25
80363,7,3.142857142857143
80463,57,3.8859649122807016
80489,22,3.9545454545454546
80549,27,3.7962962962962963
80693,8,3.1875
80831,7,3.857142857142857
80860,6,3.0
80906,12,4.291666666666667
81156,6,3.9166666666666665
81229,20,3.5
81417,5,3.7
81537,10,3.1
81562,18,3.8333333333333335
81564,20,3.6
81591,42,3.630952380952381
81782,7,3.357142857142857
81784,6,2.6666666666666665
81788,7,3.857142857142857
81834,47,3.9893617021276597
81845,58,4.043103448275862
81847,24,3.9166666666666665
81932,23,3.760869565217391
82167,7,2.7857142857142856
82169,7,3.857142857142857
82202,7,2.7142857142857144
82459,28,3.75
82461,19,3.236842105263158
82852,6,1.8333333333333333
82854,6,1.8333333333333333
83134,18,3.9166666666666665
83349,11,3.0
83613,9,3.0
83803,5,4.1
84152,30,3.95
84374,14,2.9285714285714284
84392,10,3.6
84601,6,3.3333333333333335
84772,15,3.2
84944,17,3.6176470588235294
84954,21,3.1666666666666665
85056,5,3.1
85342,7,4.357142857142857
85367,7,3.2142857142857144
85401,5,2.9
85414,34,3.6029411764705883
85510,12,3.125
85774,6,3.75
85780,6,3.5833333333333335
85881,6,3.75
86190,11,3.3181818181818183
86293,6,3.0
86298,8,3.125
86320,7,3.0714285714285716
86332,34,3.514705882352941
86345,9,4.055555555555555
86347,7,3.2857142857142856
86377,7,4.0
86504,5,4.3
86644,10,3.05
86781,5,4.4
86833,21,3.761904761904762
86880,24,3.2291666666666665
86882,25,3.56
86911,15,3.2666666666666666
87192,6,3.5
87222,17,3.323529411764706
87232,43,3.7906976744186047
87306,21,3.5952380952380953
87430,10,2.35
87483,5,2.7
87485,9,2.888888888888889
87520,11,2.3636363636363638
87529,9,3.111111111111111
87869,24,3.4375
88125,50,3.91
88129,32,3.765625
88140,32,3.546875
88163,31,3.9838709677419355
88405,20,3.05
88744,27,3.462962962962963
88785,10,2.85
88810,21,3.8333333333333335
88812,6,2.6666666666666665
89087,6,2.5
89470,12,3.7083333333333335
89492,26,3.8846153846153846
89745,69,3.869565217391304
89753,8,3.8125
89774,11,3.727272727272727
89804,9,3.2222222222222223
89864,19,3.6315789473684212
89904,11,4.045454545454546
90249,6,3.0
90405,14,3.392857142857143
90439,7,3.7857142857142856
90522,6,3.0
90600,5,3.6
90647,8,3.5625
90746,12,3.5
90866,18,3.75
90890,5,2.3
91077,11,4.0
91094,10,2.6
91104,7,2.2142857142857144
91128,6,3.5833333333333335
91323,5,2.9
91485,10,3.5
91500,54,3.435185185185185
91529,76,3.9934210526315788
91535,18,3.138888888888889
91542,38,3.763157894736842
91630,22,3.659090909090909
91653,5,3.3
91658,42,3.488095238095238
91974,5,3.8
91976,6,2.9166666666666665
92259,37,4.108108108108108
92420,8,3.375
92535,10,4.3
92938,5,1.6
93270,8,2.0625
93272,5,3.1
93326,11,2.6363636363636362
93363,11,3.090909090909091
93510,26,3.8653846153846154
93721,5,4.1
93838,9,4.333333333333333
93840,22,4.0227272727272725
94478,6,2.5
94677,17,3.5588235294117645
94777,18,3.2777777777777777
94780,6,2.8333333333333335
94864,27,3.2962962962962963
94953,5,3.0
94959,29,3.7758620689655173
95088,6,3.75
95105,9,3.388888888888889
95167,30,3.466666666666667
95207,6,2.75
95441,21,3.2857142857142856
95449,5,2.7
95510,30,3.25
95543,6,2.9166666666666665
95558,7,3.357142857142857
95720,9,3.0
95858,5,3.9
95875,8,3.1875
96079,50,3.81
96110,9,3.4444444444444446
96417,5,3.2
96588,20,3.625
96610,32,3.640625
96728,6,3.9166666666666665
96737,14,3.7142857142857144
96811,6,3.9166666666666665
96821,20,3.825
96829,10,4.3
96861,7,3.2857142857142856
97225,11,3.409090909090909
97304,28,3.982142857142857
97306,15,3.466666666666667
97752,19,3.736842105263158
97836,7,2.5714285714285716
97913,22,3.75
97921,30,3.716666666666667
97923,9,3.5
97938,31,3.629032258064516
98124,7,3.9285714285714284
98243,12,3.7916666666666665
98491,8,4.375
98585,5,3.5
98809,40,3.8125
98961,14,4.107142857142857
99007,14,3.5
99112,12,3.4166666666666665
99114,71,3.943661971830986
99117,8,3.125
99149,7,3.5
99813,8,3.875
100163,5,2.9
100383,6,3.9166666666666665
100498,6,2.0833333333333335
101025,5,2.2
101112,6,3.0833333333333335
101142,9,3.7777777777777777
101362,8,2.875
101525,5,3.5
101864,20,3.3
102033,5,3.2
102123,14,3.2142857142857144
102125,32,3.5625
102407,20,3.375
102445,27,3.685185185185185
102481,10,3.55
102686,8,3.375
102716,7,3.357142857142857
102903,22,3.409090909090909
103042,22,3.2954545454545454
103141,16,3.875
103228,14,3.607142857142857
103235,5,4.0
103249,19,3.026315789473684
103253,16,3.3125
103335,19,3.5789473684210527
103339,6,2.9166666666666665
103341,18,3.4166666666666665
103372,6,3.4166666666666665
103384,7,2.7857142857142856
103688,7,4.214285714285714
103772,16,3.375
103810,5,3.2
104211,21,3.738095238095238
104218,5,3.4
104241,11,3.4545454545454546
104243,5,3.3
104374,15,3.933333333333333
104841,32,3.578125
104879,16,4.15625
104913,11,3.8181818181818183
105213,8,3.125
105504,21,4.0476190476190474
105844,16,3.625
106002,16,3.4375
106072,21,3.3095238095238093
106100,17,3.9705882352941178
106487,26,3.6346153846153846
106489,25,3.58
106491,7,2.642857142857143
106642,7,4.571428571428571
106696,29,3.6206896551724137
106766,7,3.642857142857143
106782,54,3.9166666666666665
106916,16,3.25
106918,20,4.0
106920,25,3.92
107141,8,3.6875
107348,11,3.3636363636363638
107406,21,3.4285714285714284
108156,6,3.1666666666666665
108190,18,3.0
108729,7,3.5
108928,6,2.6666666666666665
108932,31,3.870967741935484
108945,6,2.3333333333333335
109374,52,3.7788461538461537
109487,73,3.993150684931507
110102,31,3.7419354838709675
110127,5,2.8
110501,7,3.9285714285714284
110553,11,2.6363636363636362
110730,7,2.2857142857142856
110771,6,2.9166666666666665
111113,12,3.2916666666666665
111360,14,2.8214285714285716
111362,30,3.8333333333333335
111364,13,2.6153846153846154
111617,8,3.8125
111659,16,2.75
111743,12,2.9583333333333335
111759,44,3.977272727272727
111781,17,3.6470588235294117
111921,9,3.388888888888889
112138,19,3.6842105263157894
112171,9,3.2777777777777777
112175,15,3.7666666666666666
112183,26,3.3461538461538463
112290,17,3.823529411764706
112552,38,4.0394736842105265
112556,37,3.7162162162162162
112623,15,3.433333333333333
112788,5,2.6
112818,5,3.3
112852,59,4.0508474576271185
113378,5,2.3
113453,5,3.1
114180,16,2.9375
114662,15,3.8
114935,10,3.9
115149,29,3.8448275862068964
115210,13,3.769230769230769
115569,18,4.166666666666667
115617,41,3.8536585365853657
115713,28,3.9107142857142856
116797,50,4.02
116799,6,3.6666666666666665
116823,23,3.869565217391304
116897,10,4.25
117176,17,3.7058823529411766
117529,23,3.260869565217391
117590,11,3.6363636363636362
117851,5,3.7
117881,5,3.8
117895,6,1.8333333333333333
118696,18,3.4166666666666665
118900,5,2.9
118997,5,2.8
119141,12,3.4583333333333335
119145,36,3.986111111111111
119155,6,3.5
120466,10,3.25
120635,5,2.7
120799,9,2.5
122882,47,3.8191489361702127
122886,41,3.8536585365853657
122890,6,3.4166666666666665
122892,27,3.5185185185185186
122898,6,2.5
122900,27,3.7222222222222223
122902,5,2.1
122904,54,3.8333333333333335
122906,11,3.727272727272727
122912,13,4.0
122916,20,4.025
122918,27,3.925925925925926
122920,22,3.6136363636363638
122922,22,3.7045454545454546
122924,14,3.0714285714285716
122926,16,4.15625
126548,6,3.25
127198,6,3.5833333333333335
127202,6,3.75
128360,18,3.75
128520,5,3.8
128620,5,3.9
129354,10,3.25
130490,6,2.8333333333333335
130520,8,3.25
130634,6,2.75
131013,8,3.125
132046,7,2.5
133419,9,3.4444444444444446
133771,7,4.0
134130,48,4.0
134170,7,3.7142857142857144
134368,16,3.6875
134393,10,3.2
134853,43,3.813953488372093
135133,10,3.7
135137,6,2.5833333333333335
135143,14,3.6785714285714284
135436,7,3.0714285714285716
135536,12,2.9166666666666665
135569,15,3.466666666666667
135861,9,2.7777777777777777
135887,15,3.1666666666666665
136020,17,3.0588235294117645
136562,6,3.75
136598,6,3.4166666666666665
136864,16,2.34375
137857,11,3.6363636363636362
138036,18,3.4722222222222223
138210,5,3.3
139385,31,3.903225806451613
139642,6,2.8333333333333335
139644,11,3.5454545454545454
140110,13,3.6538461538461537
140174,8,3.5625
140711,6,2.6666666666666665
140715,7,4.214285714285714
140928,5,3.2
142448,6,3.0833333333333335
142488,19,4.157894736842105
143355,13,3.3076923076923075
143385,8,3.4375
143859,8,2.8125
146656,8,3.75
148626,26,3.9615384615384617
149352,6,2.6666666666666665
149354,7,2.5
149406,8,3.375
150548,10,3.85
152077,14,3.6785714285714284
152081,32,3.890625
156609,5,2.6
157296,13,3.576923076923077
157699,6,3.8333333333333335
158238,15,3.8333333333333335
158872,7,3.642857142857143
158966,5,4.5
159093,11,3.6363636363636362
159817,7,4.214285714285714
160080,8,3.125
160438,9,2.7222222222222223
160563,6,3.0833333333333335
160980,6,3.1666666666666665
161131,8,3.625
161582,8,3.5625
161634,5,3.3
162350,6,3.5833333333333335
162578,6,4.0
162606,6,3.0
163645,8,3.9375
164179,26,3.980769230769231
164909,9,3.388888888888889
165549,5,2.9
166461,10,3.45
166528,27,3.925925925925926
166534,6,3.3333333333333335
166635,6,3.6666666666666665
166643,10,3.8
167746,7,3.7142857142857144
168248,7,4.142857142857143
168250,15,3.6333333333333333
168252,25,4.28
168418,5,3.8
169984,5,2.8
170705,7,4.285714285714286
171011,5,4.2
171763,9,4.333333333333333
174055,13,3.423076923076923
175303,9,3.3333333333333335
175569,5,3.4
176101,8,3.0625
176371,18,3.8055555555555554
177593,8,4.75
177765,13,3.5384615384615383
179401,6,3.6666666666666665
179819,12,3.125
180031,8,3.6875
180985,5,3.0
183897,5,3.5
187593,12,3.875
187595,5,3.9
